Passenger Name,Flight 1 incoming,Flight 2 outgoing,reference,Ticket Issue Date,Contact,Passport,Date of Birth,Passport Expiry,Visa Number,Visa Issue Date,Visa Expiry Date,stay_duration,passenger_age
RODRIGUEZ MICHELE MR,"ET 146L, 09-Jun-25, GRU  to  ACC, 05:10 – 12:10","ET 944M, 12-Jun-25, ACC  to  BKK, 22:50 – 11:20",SM7508,25-May,9.71005E+11,CR 48809638,31-Jul-99,6-May-34,3377466,25-May,21-Apr-29,2,26
GEORGE LISA MR,"ET 498M, 21-Jun-25, GRU  to  ACC, 20:10 – 03:43","ET 603M, 24-Jun-25, ACC  to  DXB, 00:40 – 09:02",8YIPUN,2-Jun,2.54949E+11,KE 34899166,6-Aug-02,27-Aug-31,5203717,2-Jun,22-Mar-29,3,23
FISHER LAURA MR,"ET 432L, 01-Jun-25, DXB  to  ACC, 08:00 – 15:06","ET 584Y, 03-Jun-25, ACC  to  ADD, 21:30 – 04:30",WZ2CSQ,6-May,9.71954E+11,SY 41424321,9-Jun-03,23-Aug-29,8827658,6-May,19-Dec-28,1,22
LIVINGSTON CHRISTOPHER MR,"ET 810Y, 25-Jun-25, SFO  to  ACC, 22:40 – 04:26","ET 317Y, 28-Jun-25, ACC  to  AUH, 16:00 – 22:11",AV275D,29-May,9.71713E+11,TH 46751508,6-Jan-05,22-May-28,9718867,29-May,26-Feb-29,3,20
COLLINS CARLA MR,"ET 616M, 18-Jun-25, SFO  to  ACC, 09:30 – 16:43","ET 961M, 20-Jun-25, ACC  to  LHR, 21:20 – 05:07",W9DR2G,27-Jun,9.71142E+11,AT 79255072,19-Nov-95,30-Sep-34,1599678,27-Jun,30-Apr-27,1,29
NELSON MARY MR,"ET 976M, 15-Jun-25, VTE  to  ACC, 13:05 – 20:51","ET 545M, 16-Jun-25, ACC  to  DAR, 14:15 – 22:05",27OWGY,20-Jun,9.71147E+11,BO 95255989,11-May-98,16-Dec-28,3743255,20-Jun,14-Jun-26,1,27
ANDERSON KATHLEEN MR,"ET 512M, 08-Jun-25, HRE  to  ACC, 04:10 – 11:23","ET 153M, 09-Jun-25, ACC  to  AMS, 11:25 – 17:24",SRPMRE,25-May,9.7182E+11,HN 31390412,3-Dec-54,19-Feb-33,4416163,25-May,1-Sep-29,1,29
RICHARDSON ALLISON MR,"ET 437Y, 01-Jun-25, BKK  to  ACC, 05:10 – 16:36","ET 910Y, 13-Jun-25, ACC  to  SFO, 16:30 – 23:56",BI1V7L,15-Jun,9.71224E+11,BT 59262436,9-Jan-07,10-Oct-29,1716520,15-Jun,14-Apr-27,12,18
CHASE AMBER MR,"ET 271L, 16-Jun-25, SFO  to  ACC, 06:35 – 12:33","ET 209Y, 18-Jun-25, ACC  to  ARN, 01:10 – 07:23",GYWO9H,11-May,9.71646E+11,MR 17270845,4-Feb-00,5-Sep-25,5663687,11-May,7-Dec-25,1,25
LARSON ALICIA MR,"ET 624L, 09-Jun-25, LHR  to  ACC, 14:40 – 20:29","ET 185Y, 11-Jun-25, ACC  to  SFO, 14:40 – 19:51",J81XN0,29-May,9.71679E+11,NZ 60228686,6-Sep-97,21-Jan-30,2630144,29-May,13-Apr-30,1,27
ORR DENISE MR,"ET 183L, 23-Jun-25, BKK  to  ACC, 09:15 – 20:33","ET 680M, 27-Jun-25, ACC  to  ARN, 00:05 – 05:06",2Q6O7T,16-May,9.71611E+11,BR 77335303,20-May-55,25-Nov-34,2320675,16-May,15-Nov-28,3,29
BAUTISTA DONALD MR,"ET 483L, 04-Jun-25, SFO  to  ACC, 20:50 – 04:46","ET 906M, 06-Jun-25, ACC  to  BKK, 16:05 – 02:44",0LJU5K,7-May,9.71391E+11,MN 52660415,14-Jan-03,2-Sep-30,3784300,7-May,29-Oct-29,1,22
MASON WILLIAM MR,"ET 354M, 01-Jun-25, LHR  to  ACC, 10:10 – 16:15","ET 250M, 18-Jun-25, ACC  to  JNB, 13:45 – 21:08",0OMS3I,10-Jun,9.71286E+11,JP 88594906,18-Mar-07,12-Nov-27,4204421,10-Jun,14-Jul-26,17,18
TAYLOR TINA MR,"ET 107Y, 19-Jun-25, AMS  to  ACC, 02:20 – 09:54","ET 979M, 21-Jun-25, ACC  to  BKK, 13:20 – 00:44",V00LZ4,25-Jun,2.74296E+11,ZA 2735824,30-Mar-07,8-May-35,9445096,25-Jun,11-Jan-28,1,18
ANDERSON THERESA MR,"ET 311L, 13-Jun-25, DXB  to  ACC, 19:00 – 03:15","ET 614Y, 13-Jun-25, ACC  to  LHR, 23:05 – 05:05",DAUD0A,20-Jun,9.71244E+11,DJ 99788247,29-Sep-95,10-Jul-26,7552060,20-Jun,2-Aug-29,0,29
FERNANDEZ KEVIN MR,"ET 995L, 02-Jun-25, ACC  to  ACC, 01:05 – 08:58","ET 581L, 28-Jun-25, ACC  to  FRA, 20:25 – 01:37",QQAEWH,22-Jun,9.71697E+11,RS 32147866,8-Apr-68,7-Aug-29,4325300,22-Jun,3-May-26,25,42
WILLIAMS LAURA MR,"ET 381M, 16-Jun-25, ADD  to  ACC, 04:30 – 10:50","ET 988M, 16-Jun-25, ACC  to  ARN, 01:50 – 08:59",RWMWBR,5-Jun,9.71609E+11,WS 37982395,24-Dec-03,3-Mar-30,9399009,5-Jun,14-Mar-28,1,21
ESPINOZA SANDRA MR,"ET 427L, 01-Jun-25, LHR  to  ACC, 00:15 – 06:08","ET 956Y, 27-Jun-25, ACC  to  BOM, 08:10 – 17:13",QPE500,1-Jun,2.56207E+12,UG 10007418,14-Feb-02,16-Jan-26,6007525,1-Jun,8-Aug-29,26,23
ALLEN JENNIFER MR,"ET 658M, 08-Jun-25, ADD  to  ACC, 17:40 – 00:23","ET 752M, 08-Jun-25, ACC  to  LHR, 20:30 – 01:46",MSXQAJ,25-Jun,9.71744E+11,EC 35309658,8-May-00,8-Oct-25,3460276,25-Jun,8-Mar-29,0,25
LEWIS JESSICA MR,"ET 687M, 01-Jun-25, DAR  to  ACC, 14:25 – 22:14","ET 325Y, 05-Jun-25, ACC  to  ADD, 22:50 – 04:33",XW6K9Q,22-May,9.7153E+11,EG 35021578,14-Apr-97,31-Dec-25,4175635,22-May,14-Feb-26,3,28
NEWMAN JEFFERY MR,"ET 728L, 01-Jun-25, HRE  to  ACC, 07:00 – 14:32","ET 685L, 28-Jun-25, ACC  to  JNB, 21:35 – 03:40",91IEF4,1-Jun,9.71149E+11,HN 71241536,30-Aug-67,8-Jun-27,2123020,1-Jun,30-Nov-29,26,42
MILLER SAMUEL MR,"ET 348M, 02-Jun-25, LHR  to  ACC, 05:05 – 10:51","ET 820L, 28-Jun-25, ACC  to  LHR, 22:55 – 05:17",WXA9QJ,13-Jun,9.71977E+11,IS 20843117,13-May-82,11-Apr-35,6292993,13-Jun,5-Nov-25,25,43
DEAN DAVID MR,"ET 975L, 02-Jun-25, DAR  to  ACC, 18:35 – 02:03","ET 527M, 03-Jun-25, ACC  to  GRU, 20:10 – 02:47",EEQ6CQ,13-May,9.71451E+11,VN 77352740,19-Dec-01,5-Jun-29,5815449,13-May,16-Oct-28,1,23
HERRERA SHAWN MR,"ET 892L, 11-Jun-25, ACC  to  ACC, 01:10 – 07:09","ET 413M, 19-Jun-25, ACC  to  SFO, 22:20 – 04:58",KOJ8PE,5-Jun,9.71394E+11,BG 82578207,8-Mar-07,6-Jan-27,7125928,5-Jun,11-Oct-28,7,18
HARRIS KEITH MR,"ET 883L, 11-Jun-25, AMS  to  ACC, 03:10 – 08:50","ET 460Y, 14-Jun-25, ACC  to  FRA, 02:35 – 09:41",P0IFMH,27-Jun,9.71281E+11,GY 11383918,26-Jan-00,11-Mar-29,9625802,27-Jun,22-Feb-26,3,25
MARTIN ERIC MR,"ET 153M, 23-Jun-25, JNB  to  ACC, 18:40 – 01:11","ET 182L, 23-Jun-25, ACC  to  FRA, 22:40 – 06:28",DXA8VY,22-Jun,9.71737E+11,AO 17733363,12-Sep-95,19-Sep-32,4315308,22-Jun,11-Jun-29,0,29
ERICKSON NICOLE MR,"ET 924M, 17-Jun-25, AMS  to  ACC, 10:00 – 17:02","ET 141L, 21-Jun-25, ACC  to  SFO, 00:30 – 08:03",093DTL,21-May,9.71697E+11,PS 29884917,11-May-06,11-Oct-30,2771767,21-May,23-Dec-29,3,19
ACOSTA SHAWN MR,"ET 834M, 05-Jun-25, FNA  to  ACC, 02:15 – 10:13","ET 885L, 28-Jun-25, ACC  to  BKK, 07:35 – 17:28",9QFTG5,14-May,9.71656E+11,EE 31353913,11-May-06,29-Jan-29,4275171,14-May,7-Jul-28,23,19
PEREZ JOHN MR,"ET 815Y, 02-Jun-25, ACC  to  ACC, 08:15 – 15:57","ET 538M, 24-Jun-25, ACC  to  FRA, 13:05 – 18:05",6VY9OB,22-Jun,9.7174E+11,MM 80090304,22-Apr-07,13-Sep-26,7072040,22-Jun,23-Nov-27,22,18
COX BRUCE MR,"ET 652L, 22-Jun-25, GRU  to  ACC, 11:05 – 17:40","ET 416M, 25-Jun-25, ACC  to  BOM, 01:35 – 14:30",8256RW,2-May,9.71598E+11,LY 95124815,25-Jun-98,27-Aug-31,1177204,2-May,29-Jan-27,2,27
COOPER CATHERINE MR,"ET 441M, 08-Jun-25, ARN  to  ACC, 12:30 – 19:56","ET 667Y, 09-Jun-25, ACC  to  FRA, 11:15 – 17:42",Y85Y4F,19-May,9.71647E+11,MU 32446768,11-Apr-07,29-Aug-32,3244067,19-May,5-Nov-29,0,18
GRAY MICHAEL MR,"ET 993M, 01-Jun-25, FNA  to  ACC, 05:45 – 11:58","ET 885Y, 28-Jun-25, ACC  to  JNB, 13:35 – 20:53",8DZ6P2,12-May,9.71412E+11,CG 30932695,2-Sep-73,18-Oct-28,9502927,12-May,28-Feb-30,27,48
STOKES JENNIFER MR,"ET 391Y, 24-Jun-25, BKK  to  ACC, 07:30 – 17:27","ET 717Y, 27-Jun-25, ACC  to  GRU, 23:10 – 04:20",0PKBJC,19-May,9.71084E+11,ZW 48779637,10-Aug-99,4-Feb-27,5636910,19-May,12-Feb-26,2,26
MAY SAMANTHA MR,"ET 982Y, 01-Jun-25, SFO  to  ACC, 06:05 – 12:50","ET 650L, 02-Jun-25, ACC  to  HRE, 15:35 – 23:08",D2UCS7,28-May,9.71294E+11,NI 34734897,11-Mar-99,17-Oct-28,2790614,28-May,19-May-26,1,26
WATSON REBECCA MR,"ET 228M, 15-Jun-25, HRE  to  ACC, 10:00 – 17:43","ET 815Y, 19-Jun-25, ACC  to  DAR, 23:55 – 05:45",263800,15-May,9.71514E+11,SI 94249651,30-Jun-55,17-Apr-34,9138474,15-May,30-Dec-25,3,29
JONES KRISTA MR,"ET 870L, 22-Jun-25, LHR  to  ACC, 17:05 – 00:53","ET 564L, 22-Jun-25, ACC  to  DAR, 05:30 – 12:50",STA33Z,6-May,9.71797E+11,AT 49990240,21-Dec-04,19-Nov-34,7706557,6-May,10-Aug-29,0,20
RIVERA STEVEN MR,"ET 509M, 27-Jun-25, FRA  to  ACC, 16:50 – 00:14","ET 243Y, 28-Jun-25, ACC  to  JNB, 14:50 – 20:23",WGE406,19-Jun,9.71297E+11,YE 8509674,26-Sep-97,20-May-31,8949969,19-Jun,31-Mar-27,1,27
MILLER JAMES MR,"ET 980Y, 01-Jun-25, GRU  to  ACC, 06:10 – 12:34","ET 733M, 02-Jun-25, ACC  to  AMS, 09:20 – 17:11",BRY83Q,11-May,9.71461E+11,PW 68942324,11-Sep-05,27-Mar-26,2468144,11-May,19-Dec-28,1,19
WILLIAMS PATRICIA MR,"ET 971M, 12-Jun-25, SFO  to  ACC, 05:55 – 11:30","ET 947M, 15-Jun-25, ACC  to  LHR, 09:40 – 14:41",01ZOBN,24-May,9.7186E+11,DJ 68913415,16-Dec-98,2-Apr-35,9575915,24-May,19-Sep-25,3,26
CONWAY JOHN MR,"ET 898M, 20-Jun-25, FRA  to  ACC, 02:10 – 10:08","ET 598Y, 21-Jun-25, ACC  to  ARN, 06:00 – 12:51",0LJ6DT,3-May,2.34795E+13,NG 67494909,6-Mar-01,2-May-27,4249051,3-May,8-May-29,1,24
WHITEHEAD STEPHANIE MR,"ET 745L, 04-Jun-25, DAR  to  ACC, 16:55 – 23:55","ET 495L, 08-Jun-25, ACC  to  SFO, 14:25 – 22:14",V0E12P,8-Jun,9.7134E+11,LA 70355429,14-Apr-05,31-Oct-29,3779049,8-Jun,24-Oct-27,3,20
MILLER BERNARD MR,"ET 312M, 23-Jun-25, LHR  to  ACC, 02:15 – 08:28","ET 549L, 24-Jun-25, ACC  to  FNA, 22:25 – 05:59",H4603A,13-Jun,9.71608E+11,FJ 43067645,27-Jul-96,25-Jun-34,9336538,13-Jun,15-Sep-27,0,29
CROSS STEPHEN MR,"ET 777M, 13-Jun-25, AMS  to  ACC, 12:00 – 17:18","ET 864L, 14-Jun-25, ACC  to  FNA, 20:20 – 03:27",8X4BX9,12-Jun,9.71681E+11,LK 78560566,25-Apr-96,22-Apr-28,6810728,12-Jun,7-Aug-26,0,29
GALLOWAY CHAD MR,"ET 579Y, 22-Jun-25, ACC  to  ACC, 22:05 – 04:39","ET 942L, 23-Jun-25, ACC  to  AMS, 04:45 – 12:23",WE21ON,30-May,9.71252E+11,HR 28727189,14-Nov-02,27-Oct-27,1199340,30-May,3-Apr-28,1,22
BOLTON ALBERT MR,"ET 486Y, 23-Jun-25, GRU  to  ACC, 05:35 – 10:52","ET 416Y, 24-Jun-25, ACC  to  FRA, 15:45 – 23:02",JBSWTI,6-May,3.31226E+11,FR 51614920,2-Dec-97,31-Jul-33,3908901,6-May,12-Mar-28,1,27
JEFFERSON SHANNON MR,"ET 180Y, 03-Jun-25, AMS  to  ACC, 00:25 – 07:40","ET 519L, 05-Jun-25, ACC  to  ARN, 04:00 – 11:59",LTQQM4,17-Jun,9.71144E+11,KG 22255701,6-Mar-96,19-Feb-33,9432968,17-Jun,12-Jul-28,2,29
WHITE ROBERT MR,"ET 806M, 06-Jun-25, FNA  to  ACC, 18:30 – 00:19","ET 508M, 26-Jun-25, ACC  to  VTE, 08:55 – 14:25",WP2MT5,14-Jun,9.71029E+11,IS 41499608,5-Mar-07,10-Jan-34,6780239,14-Jun,5-Apr-26,20,18
ROBERTS MICHAEL MR,"ET 160M, 08-Jun-25, ACC  to  ACC, 13:40 – 19:21","ET 341Y, 08-Jun-25, ACC  to  SFO, 13:50 – 20:40",EKHYP8,30-May,9.71096E+11,RS 68780033,1-Jun-04,17-May-28,2993818,30-May,27-Dec-26,0,21
SMITH DIANE MR,"ET 674M, 06-Jun-25, JNB  to  ACC, 06:40 – 12:02","ET 263Y, 09-Jun-25, ACC  to  VTE, 20:45 – 02:53",XA3PPM,15-Jun,9.71372E+11,SM 54213103,7-Mar-97,18-Sep-33,8786342,15-Jun,6-Apr-30,2,28
WALSH MARTIN MR,"ET 346Y, 03-Jun-25, VTE  to  ACC, 05:45 – 12:35","ET 799L, 26-Jun-25, ACC  to  ARN, 18:05 – 01:25",L3DRNL,7-May,9.71893E+11,BD 58669598,9-Apr-02,4-Nov-32,7390604,7-May,13-Jan-30,22,23
PRICE JULIA MR,"ET 572Y, 14-Jun-25, GRU  to  ACC, 06:30 – 11:47","ET 581Y, 14-Jun-25, ACC  to  SFO, 21:00 – 03:15",50TDJE,29-Apr,3.36075E+11,FR 61414205,7-Sep-01,9-Jul-32,3909525,29-Apr,25-Apr-26,1,23
HUNTER JASON MR,"ET 135Y, 23-Jun-25, ADD  to  ACC, 14:35 – 21:57","ET 224M, 26-Jun-25, ACC  to  JNB, 20:55 – 03:46",RUC2Z4,17-May,9.7167E+11,KZ 97799780,23-Dec-00,21-Aug-27,3659672,17-May,18-Jan-27,2,24
BROWN ANTHONY MR,"ET 467Y, 03-Jun-25, JNB  to  ACC, 21:50 – 05:31","ET 932M, 25-Jun-25, ACC  to  LHR, 23:25 – 07:02",6A8DNI,25-Jun,9.71832E+11,TR 85486267,12-Aug-05,9-May-32,1010109,25-Jun,21-May-30,22,20
MURILLO KENNETH MR,"ET 864M, 13-Jun-25, DXB  to  ACC, 11:15 – 18:47","ET 714M, 15-Jun-25, ACC  to  CGK, 02:10 – 14:54",8V60J5,6-May,4.98217E+12,DE 16976873,28-Oct-04,7-Oct-28,1054022,6-May,18-Feb-26,1,20
JENNINGS CONNIE MR,"ET 731Y, 18-Jun-25, DAR  to  ACC, 15:15 – 22:42","ET 859M, 19-Jun-25, ACC  to  BKK, 08:40 – 18:54",B6EWCM,18-Jun,9.7198E+11,LR 36909669,20-Sep-06,4-Mar-26,3215415,18-Jun,6-Mar-27,0,18
SINGLETON REBECCA MR,"ET 872L, 09-Jun-25, GRU  to  ACC, 04:50 – 11:57","ET 855M, 09-Jun-25, ACC  to  DAR, 18:10 – 00:44",EM98PW,18-May,9.71368E+11,MM 40761230,13-Jul-03,29-Oct-29,8122648,18-May,24-Jan-26,1,22
VASQUEZ AMBER MR,"ET 800M, 25-Jun-25, DXB  to  ACC, 08:15 – 14:54","ET 161Y, 27-Jun-25, ACC  to  FRA, 12:35 – 18:23",W9TX3G,13-May,9.71821E+11,ID 35104036,6-Jan-96,1-Sep-25,5284586,13-May,13-Jul-29,2,29
PEARSON RICKY MR,"ET 386L, 18-Jun-25, ARN  to  ACC, 00:05 – 05:52","ET 681M, 21-Jun-25, ACC  to  ADD, 22:20 – 04:43",D0A3JC,21-May,9.7129E+11,LY 51293895,26-May-02,7-May-33,7619608,21-May,11-Oct-29,2,23
ANTHONY STEPHANIE MR,"ET 421Y, 14-Jun-25, ARN  to  ACC, 21:45 – 03:32","ET 688M, 17-Jun-25, ACC  to  DAR, 23:05 – 04:16",RHMWHN,27-Jun,9.71568E+11,SD 72089789,24-Apr-97,21-Mar-30,9153331,27-Jun,15-Apr-28,3,28
CHAVEZ DEBRA MR,"ET 420Y, 04-Jun-25, DAR  to  ACC, 20:50 – 01:51","ET 186Y, 25-Jun-25, ACC  to  FRA, 05:00 – 10:32",SV9LT0,28-May,9.71061E+11,SE 98999293,23-Jun-75,2-Apr-35,2676306,28-May,18-May-30,21,50
GIBBS CAROL MR,"ET 447L, 23-Jun-25, DAR  to  ACC, 18:50 – 02:03","ET 360L, 26-Jun-25, ACC  to  JNB, 11:45 – 18:53",VEBLZZ,18-Jun,9.71225E+11,BW 99847241,12-Apr-00,10-Feb-31,3477711,18-Jun,6-Sep-29,3,25
MURPHY RODNEY MR,"ET 867Y, 01-Jun-25, HRE  to  ACC, 13:45 – 19:45","ET 492L, 27-Jun-25, ACC  to  DAR, 17:20 – 00:23",7UTC8M,17-Jun,9.71036E+11,IQ 94663169,16-May-82,6-Jan-26,2567673,17-Jun,4-May-28,25,43
RIVERA JOANN MR,"ET 294M, 03-Jun-25, FNA  to  ACC, 11:00 – 17:12","ET 319L, 26-Jun-25, ACC  to  BKK, 08:35 – 20:22",1D5QRG,4-May,9.71231E+11,HT 12566563,20-Nov-02,13-Dec-31,2607921,4-May,19-Dec-28,23,22
JAMES WILLIAM MR,"ET 209L, 03-Jun-25, BKK  to  ACC, 19:05 – 04:57","ET 160Y, 27-Jun-25, ACC  to  LHR, 06:20 – 13:55",057TUF,25-Jun,9.71479E+11,RO 49070807,12-Nov-98,29-Jun-28,2409278,25-Jun,19-Apr-28,24,26
MARTINEZ DEREK MR,"ET 319M, 24-Jun-25, VTE  to  ACC, 15:30 – 22:32","ET 305M, 24-Jun-25, ACC  to  JNB, 09:00 – 15:42",FLPXWL,17-May,9.71305E+11,CD 73951706,29-Apr-07,20-Jul-34,4761988,17-May,21-Aug-29,1,18
LEE SEAN MR,"ET 215Y, 12-Jun-25, ADD  to  ACC, 11:05 – 16:35","ET 389Y, 16-Jun-25, ACC  to  BKK, 03:05 – 14:19",14BAMZ,25-May,9.71189E+11,CA 21844155,5-Feb-01,7-Mar-32,3785867,25-May,11-Jan-26,3,24
WILKINSON RACHEL MR,"ET 658Y, 04-Jun-25, GRU  to  ACC, 17:10 – 00:17","ET 231L, 20-Jun-25, ACC  to  HKG, 08:20 – 20:18",T4AN2K,22-Jun,9.71951E+11,SC 71229977,20-Apr-07,2-Jul-33,5818474,22-Jun,3-Nov-25,16,18
TRAN CHARLES MR,"ET 419Y, 14-Jun-25, FRA  to  ACC, 13:30 – 20:06","ET 759Y, 14-Jun-25, ACC  to  LHR, 12:40 – 20:18",8ZK8CD,31-May,9.71337E+11,AR 42551595,27-Aug-94,10-Aug-25,5600950,31-May,3-May-28,0,30
GORDON RUSSELL MR,"ET 267Y, 13-Jun-25, SFO  to  ACC, 16:15 – 22:51","ET 760M, 16-Jun-25, ACC  to  AMS, 09:25 – 14:53",6T66JJ,6-May,2.73802E+11,ZA 18816894,24-Dec-03,23-Jun-34,3430814,6-May,23-Jul-29,2,21
BARTON CARL MR,"ET 513M, 14-Jun-25, GRU  to  ACC, 11:05 – 16:27","ET 567L, 15-Jun-25, ACC  to  DXB, 05:20 – 13:28",OIK91Q,1-Jun,9.71298E+11,VN 35977569,14-Feb-03,8-Jan-30,5808922,1-Jun,30-Aug-25,0,22
WRIGHT LISA MR,"ET 138M, 18-Jun-25, JNB  to  ACC, 19:40 – 00:50","ET 281M, 20-Jun-25, ACC  to  ADD, 02:20 – 09:41",2MHXLN,30-Apr,9.71491E+11,GY 64842891,20-Jun-95,23-Nov-30,4901995,30-Apr,13-Apr-28,2,30
COLLINS DAVID MR,"ET 387Y, 02-Jun-25, ACC  to  ACC, 13:05 – 19:03","ET 676M, 06-Jun-25, ACC  to  LHR, 21:45 – 03:51",5HRN4V,27-May,9.71079E+11,BJ 41947884,4-Jan-56,18-Aug-32,4419671,27-May,18-Sep-29,3,30
SHEPARD BIANCA MR,"ET 732M, 18-Jun-25, ARN  to  ACC, 16:40 – 23:42","ET 127M, 21-Jun-25, ACC  to  ADD, 09:15 – 16:37",LB4PDR,15-May,9.71926E+11,MZ 93490816,20-Feb-06,19-Jan-33,4048077,15-May,26-Jul-26,2,19
JACKSON JOHN MR,"ET 793M, 03-Jun-25, LHR  to  ACC, 12:25 – 18:50","ET 968M, 07-Jun-25, ACC  to  ARN, 06:50 – 14:37",WL8SWT,20-May,9.71661E+11,MY 46340738,29-Aug-99,18-Feb-29,2739053,20-May,8-Feb-29,3,25
BROCK RYAN MR,"ET 228L, 25-Jun-25, ARN  to  ACC, 17:55 – 01:41","ET 708M, 25-Jun-25, ACC  to  HRE, 20:45 – 01:57",JZLAMT,13-May,9.71115E+11,SE 41005436,12-Aug-95,12-Aug-34,2437750,13-May,10-Jan-29,0,30
ROSE WYATT MR,"ET 230M, 04-Jun-25, DAR  to  ACC, 17:40 – 01:35","ET 273L, 28-Jun-25, ACC  to  VTE, 16:20 – 00:19",5E7IH6,29-Apr,9.71723E+11,LA 72599517,8-Oct-06,31-Aug-26,7288824,29-Apr,20-Dec-27,23,18
NICHOLS BRIAN MR,"ET 778L, 15-Jun-25, BKK  to  ACC, 11:05 – 20:35","ET 245M, 17-Jun-25, ACC  to  SFO, 14:35 – 19:51",HFQZ6U,31-May,9.71818E+11,PE 5832273,4-Dec-55,16-Jul-27,1434700,31-May,21-May-26,1,30
MORRISON LAURA MR,"ET 138Y, 07-Jun-25, VTE  to  ACC, 13:50 – 19:00","ET 776L, 17-Jun-25, ACC  to  LHR, 22:30 – 04:26",4P0MQ2,15-May,9.7129E+11,CA 76949420,12-Jan-07,30-Oct-32,9284451,15-May,8-Feb-28,9,18
BENNETT BRUCE MR,"ET 342L, 02-Jun-25, DAR  to  ACC, 07:10 – 15:05","ET 718L, 25-Jun-25, ACC  to  DAR, 09:55 – 15:44",CFX12U,30-May,9.71443E+11,BW 58169762,14-Feb-06,26-Sep-33,5780245,30-May,14-Aug-26,23,19
MARQUEZ DAVID MR,"ET 750M, 10-Jun-25, ARN  to  ACC, 07:10 – 13:18","ET 721Y, 14-Jun-25, ACC  to  FNA, 18:20 – 01:03",4T2Y6E,9-May,9.71981E+11,GE 89326523,19-Feb-97,27-Aug-25,5245743,9-May,26-May-26,3,28
HEATH SANDRA MR,"ET 619M, 17-Jun-25, AMS  to  ACC, 11:00 – 18:51","ET 503M, 21-Jun-25, ACC  to  ADD, 17:20 – 00:57",OXOJQW,26-Jun,9.7175E+11,MA 42180851,28-Feb-02,12-Jun-31,4749189,26-Jun,1-Jul-25,3,23
WARREN MELVIN MR,"ET 567Y, 04-Jun-25, ADD  to  ACC, 20:15 – 01:40","ET 997L, 26-Jun-25, ACC  to  AMS, 22:55 – 04:33",9AK39O,8-Jun,9.71655E+11,VE 46846525,14-Nov-75,7-Mar-35,5743670,8-Jun,6-Sep-26,22,49
DUNN KRISTEN MR,"ET 424L, 27-Jun-25, SFO  to  ACC, 20:50 – 03:16","ET 542Y, 28-Jun-25, ACC  to  HRE, 07:20 – 14:14",UNZ1LF,24-May,9.71778E+11,PE 3252588,5-Sep-95,15-Aug-32,9492915,24-May,31-Oct-27,1,29
GREEN ANDREA MR,"ET 626Y, 20-Jun-25, FNA  to  ACC, 11:05 – 18:25","ET 935L, 20-Jun-25, ACC  to  ADD, 09:50 – 17:48",O8G837,24-Jun,9.71103E+11,RU 52045109,10-Jun-01,16-May-27,2933797,24-Jun,8-Apr-27,1,24
RAY EVELYN MR,"ET 806Y, 10-Jun-25, FNA  to  ACC, 13:05 – 19:58","ET 325M, 13-Jun-25, ACC  to  DAR, 10:45 – 16:20",1SAQPH,30-Apr,9.71995E+11,SD 64478832,19-May-01,20-Sep-28,2184556,30-Apr,1-Nov-25,2,24
THOMAS JENNIFER MR,"ET 836Y, 04-Jun-25, AMS  to  ACC, 03:55 – 10:18","ET 947L, 26-Jun-25, ACC  to  BAH, 06:00 – 12:56",JSHGQZ,13-May,9.71743E+11,CU 1896264,8-May-06,21-May-32,6332091,13-May,17-Apr-26,22,19
RYAN TANYA MR,"ET 200L, 16-Jun-25, VTE  to  ACC, 18:15 – 00:35","ET 791M, 27-Jun-25, ACC  to  FRA, 09:40 – 17:12",ODSUR6,26-Jun,9.71427E+11,LY 49972045,23-Mar-07,30-Apr-26,2696823,26-Jun,21-Dec-28,11,18
KNOX STEVEN MR,"ET 963L, 19-Jun-25, BKK  to  ACC, 13:25 – 02:01","ET 110Y, 20-Jun-25, ACC  to  VTE, 04:35 – 09:54",X8LPIS,3-May,9.71816E+11,KM 28313386,30-Jan-97,28-Jun-32,1881830,3-May,25-Jul-27,1,28
HALL KIMBERLY MR,"ET 712L, 19-Jun-25, LHR  to  ACC, 07:40 – 13:02","ET 129M, 22-Jun-25, ACC  to  ARN, 10:15 – 16:38",000SUR,30-May,9.71115E+11,LB 8066198,5-Sep-02,11-Mar-35,7792831,30-May,26-Aug-28,3,22
DEAN AARON MR,"ET 516L, 25-Jun-25, FNA  to  ACC, 13:35 – 19:00","ET 445Y, 26-Jun-25, ACC  to  AUH, 18:10 – 02:58",GJYS4N,16-May,9.71447E+11,BI 15599171,4-Jan-02,11-Apr-26,8856236,16-May,3-Nov-26,0,23
ANDERSON MELISSA MR,"ET 702L, 13-Jun-25, BKK  to  ACC, 00:35 – 11:52","ET 641M, 16-Jun-25, ACC  to  JNB, 03:25 – 09:05",HCGHRI,11-Jun,9.71428E+11,SI 60626811,5-Jul-04,3-Jan-26,5741909,11-Jun,3-Nov-29,2,21
CRUZ MICHAEL MR,"ET 266L, 08-Jun-25, DXB  to  ACC, 21:05 – 04:27","ET 449M, 10-Jun-25, ACC  to  FRA, 17:45 – 23:02",6K33YY,29-Apr,9.71394E+11,EC 1515390,4-Dec-98,20-Dec-25,8902356,29-Apr,30-Jul-28,2,26
PONCE JOSEPH MR,"ET 748M, 18-Jun-25, VTE  to  ACC, 13:00 – 19:57","ET 705M, 21-Jun-25, ACC  to  AMS, 05:40 – 12:47",0SH23I,27-Jun,9.71883E+11,IE 28485909,20-Jun-96,17-Jun-27,4485511,27-Jun,18-Jan-26,2,29
JIMENEZ CHRISTOPHER MR,"ET 647Y, 02-Jun-25, JNB  to  ACC, 08:20 – 14:14","ET 775L, 27-Jun-25, ACC  to  GRU, 12:40 – 18:45",DOGSGQ,20-May,9.71006E+11,SC 86245912,4-Dec-80,3-Oct-31,2402688,20-May,12-Feb-26,25,44
ALVAREZ MATTHEW MR,"ET 820L, 06-Jun-25, ADD  to  ACC, 04:45 – 11:59","ET 330L, 08-Jun-25, ACC  to  GRU, 16:45 – 22:02",BK8G3H,9-May,9.71478E+11,LY 63628997,20-Jun-56,25-Mar-33,3259137,9-May,3-Nov-26,2,30
ROBINSON LINDSEY MR,"ET 956M, 15-Jun-25, AMS  to  ACC, 07:50 – 13:42","ET 459L, 18-Jun-25, ACC  to  VTE, 09:15 – 15:00",VLU4RJ,19-Jun,9.71372E+11,TM 14183911,16-Jun-98,26-Oct-32,8213384,19-Jun,1-Jul-28,3,27
WHITE WAYNE MR,"ET 850Y, 04-Jun-25, VTE  to  ACC, 02:00 – 08:31","ET 244Y, 06-Jun-25, ACC  to  AMS, 16:30 – 21:51",SZEDI8,30-Apr,9.7159E+11,KN 23307641,21-May-98,4-Dec-25,2831265,30-Apr,22-Jul-25,2,27
PARKER REBECCA MR,"ET 437L, 01-Jun-25, DAR  to  ACC, 11:15 – 17:04","ET 497L, 28-Jun-25, ACC  to  ADD, 09:45 – 15:41",P9OW8R,25-Jun,9.7129E+11,MG 81690708,18-May-05,27-Apr-26,2152398,25-Jun,1-May-29,26,20
MORRIS MICHAEL MR,"ET 426Y, 25-Jun-25, AMS  to  ACC, 13:25 – 18:46","ET 335L, 26-Jun-25, ACC  to  SFO, 19:55 – 03:44",08C4T7,13-May,9.71326E+11,PK 14888933,6-Mar-76,29-Aug-28,3643615,13-May,22-May-27,0,49
JONES JESSICA MR,"ET 147Y, 20-Jun-25, SFO  to  ACC, 21:10 – 03:38","ET 355Y, 20-Jun-25, ACC  to  CAN, 05:00 – 14:15",UMVZID,27-Jun,9.71557E+11,MR 67423212,25-May-56,3-Sep-30,7941672,27-Jun,29-Mar-28,0,30
GARCIA ROBIN MR,"ET 721M, 16-Jun-25, GRU  to  ACC, 09:45 – 16:12","ET 430Y, 20-Jun-25, ACC  to  FNA, 06:15 – 13:24",YLO9BT,18-Jun,9.71235E+11,SB 71725935,31-May-06,8-Feb-33,9351964,18-Jun,26-Jul-25,3,19
WATSON CINDY MR,"ET 616Y, 01-Jun-25, BKK  to  ACC, 09:35 – 22:07","ET 520Y, 28-Jun-25, ACC  to  LHR, 17:05 – 23:23",3JBMX9,11-Jun,9.71873E+11,MG 9093433,4-Apr-03,20-Mar-28,4868160,11-Jun,2-Oct-29,27,22
WOLFE THOMAS MR,"ET 962M, 26-Jun-25, BKK  to  ACC, 12:35 – 00:27","ET 378Y, 28-Jun-25, ACC  to  DXB, 20:30 – 05:06",XJFKA9,30-Apr,9.71121E+11,CO 89891624,15-Oct-02,13-Feb-30,6129634,30-Apr,12-Jan-27,2,22
NELSON KRISTIN MR,"ET 976M, 03-Jun-25, SFO  to  ACC, 22:35 – 05:46","ET 207Y, 06-Jun-25, ACC  to  FRA, 03:05 – 09:59",DX6EHO,31-May,9.71399E+11,BG 61515495,13-Apr-04,14-May-33,4178755,31-May,31-May-28,3,21
JACKSON STEVEN MR,"ET 820Y, 07-Jun-25, FRA  to  ACC, 06:00 – 11:38","ET 665M, 08-Jun-25, ACC  to  DMM, 00:40 – 09:12",3HZS27,13-May,9.71592E+11,GA 50131158,7-Apr-06,5-Dec-26,8025093,13-May,15-Apr-30,0,19
GONZALEZ DOROTHY MR,"ET 108Y, 07-Jun-25, GRU  to  ACC, 05:00 – 11:51","ET 581L, 08-Jun-25, ACC  to  ARN, 03:20 – 10:43",W9MZB2,13-Jun,9.71257E+11,GN 78951219,17-Aug-05,27-Feb-30,5305913,13-Jun,16-Jan-30,0,19
SHIELDS JODY MR,"ET 428M, 02-Jun-25, SFO  to  ACC, 01:25 – 07:04","ET 895L, 03-Jun-25, ACC  to  BKK, 01:10 – 10:54",4DSO9V,12-Jun,9.71108E+11,CV 58934721,17-Jun-99,18-Jun-35,6186589,12-Jun,7-Mar-26,1,26
GRAHAM JON MR,"ET 744M, 16-Jun-25, ADD  to  ACC, 22:30 – 06:14","ET 779L, 16-Jun-25, ACC  to  DXB, 06:00 – 13:08",RLO0KM,12-Jun,9.71864E+11,CA 48026819,30-May-56,22-Sep-29,1662607,12-Jun,28-Sep-29,0,30
REYES STEPHANIE MR,"ET 562M, 01-Jun-25, JNB  to  ACC, 09:40 – 15:51","ET 372Y, 19-Jun-25, ACC  to  VTE, 21:25 – 04:59",SLZC1X,27-Jun,9.71519E+11,AE 70733911,19-Apr-07,16-Feb-33,8540741,27-Jun,14-Dec-29,17,18
BECK JENNIFER MR,"ET 874Y, 04-Jun-25, FNA  to  ACC, 02:35 – 10:13","ET 463Y, 06-Jun-25, ACC  to  GRU, 13:15 – 21:05",DJ17D2,31-May,9.71495E+11,NO 76704407,6-Dec-97,7-Sep-33,3234578,31-May,10-May-28,2,27
RAY RANDALL MR,"ET 972L, 27-Jun-25, DAR  to  ACC, 01:15 – 07:52","ET 742M, 27-Jun-25, ACC  to  VTE, 08:10 – 13:26",SXJU8H,5-Jun,9.71753E+11,PY 78066677,6-Nov-01,13-Jun-35,8489269,5-Jun,10-Mar-27,0,23
CRANE MARY MR,"ET 561Y, 04-Jun-25, VTE  to  ACC, 01:50 – 07:49","ET 810M, 28-Jun-25, ACC  to  AMS, 18:10 – 01:39",345BJN,22-May,9.71246E+11,CA 65590365,3-Oct-04,1-May-28,4767598,22-May,19-Sep-27,23,20
HICKS KATHRYN MR,"ET 344Y, 02-Jun-25, HRE  to  ACC, 13:05 – 18:35","ET 845L, 27-Jun-25, ACC  to  ADD, 06:15 – 11:35",IMIIOA,25-Jun,9.71325E+11,FI 24378554,11-Oct-00,17-Jul-31,2867779,25-Jun,21-Dec-25,24,24
HAWKINS SHAWN MR,"ET 268M, 21-Jun-25, FNA  to  ACC, 06:10 – 11:55","ET 360M, 24-Jun-25, ACC  to  GRU, 04:20 – 11:52",53HBDO,1-Jun,9.71541E+11,PG 90965739,18-Oct-98,14-Nov-33,2936132,1-Jun,11-Dec-29,2,26
MULLEN ELIZABETH MR,"ET 514Y, 24-Jun-25, GRU  to  ACC, 04:50 – 10:55","ET 160L, 25-Jun-25, ACC  to  HRE, 05:45 – 12:33",43RURF,14-May,9.71816E+11,KR 24696277,8-Feb-05,21-Oct-34,9957085,14-May,6-Feb-30,1,20
HARRIS MARIA MR,"ET 275Y, 23-Jun-25, BKK  to  ACC, 21:45 – 07:04","ET 815Y, 26-Jun-25, ACC  to  LHR, 03:45 – 11:18",VF1TTV,24-May,9.71603E+11,TJ 28711395,17-Aug-02,29-Jul-29,4496114,24-May,2-Sep-29,3,22
WHITE JEREMY MR,"ET 110Y, 07-Jun-25, GRU  to  ACC, 15:50 – 23:42","ET 725Y, 08-Jun-25, ACC  to  ARN, 17:05 – 22:13",FPHIDO,13-May,9.71064E+11,SM 38553694,14-Jun-55,3-Dec-25,6261260,13-May,11-Mar-26,0,29
HOLLOWAY JOEL MR,"ET 113L, 11-Jun-25, LHR  to  ACC, 00:05 – 06:07","ET 749Y, 17-Jun-25, ACC  to  DAR, 22:40 – 04:28",Q2T88V,24-May,9.7114E+11,MV 98406377,26-May-07,23-Jul-32,7485431,24-May,14-Feb-29,5,18
RANDOLPH RONNIE MR,"ET 755L, 18-Jun-25, HRE  to  ACC, 10:45 – 17:45","ET 641L, 21-Jun-25, ACC  to  JNB, 11:30 – 18:46",XN659M,4-May,9.71152E+11,AM 73308716,5-Nov-06,21-Sep-27,1442786,4-May,25-Jul-26,3,18
NASH RICHARD MR,"ET 504M, 27-Jun-25, ACC  to  ACC, 18:10 – 23:35","ET 796L, 28-Jun-25, ACC  to  BKK, 19:05 – 05:16",Q689Q7,26-Jun,9.71472E+11,TW 32494120,13-Jul-75,20-Jun-35,3832587,26-Jun,13-Apr-26,0,50
VEGA JENNY MR,"ET 747L, 13-Jun-25, FNA  to  ACC, 17:35 – 00:07","ET 570M, 26-Jun-25, ACC  to  GRU, 12:10 – 18:38",BUJNML,21-May,9.714E+11,ER 77218887,31-May-07,1-Jun-32,3384044,21-May,18-Jun-29,13,18
HAYES ERIC MR,"ET 833L, 01-Jun-25, DXB  to  ACC, 00:10 – 08:47","ET 513M, 05-Jun-25, ACC  to  VTE, 23:45 – 06:31",LQONUV,17-Jun,9.71608E+11,CO 41081313,1-Aug-95,18-Nov-25,4693757,17-Jun,30-Mar-30,3,30
BROOKS SYDNEY MR,"ET 913M, 02-Jun-25, DXB  to  ACC, 13:45 – 20:26","ET 299Y, 02-Jun-25, ACC  to  FNA, 05:30 – 13:22",GBJ891,11-May,9.7168E+11,IE 80678759,4-Nov-96,9-Dec-25,2349238,11-May,19-Feb-30,1,28
SINGLETON JEFFERY MR,"ET 829L, 18-Jun-25, LHR  to  ACC, 22:05 – 05:10","ET 909M, 18-Jun-25, ACC  to  JNB, 02:35 – 08:45",HJIMFQ,22-Jun,2.33615E+12,GH 10595461,28-Jun-75,17-Dec-34,1642377,22-Jun,1-Oct-29,0,50
ROBERTS TIMOTHY MR,"ET 861Y, 01-Jun-25, BKK  to  ACC, 17:05 – 04:48","ET 801M, 27-Jun-25, ACC  to  JNB, 10:35 – 18:00",PC4A4W,18-Jun,9.71067E+11,LA 31856829,10-Feb-55,14-Jul-31,2304862,18-Jun,23-Nov-29,26,29
SMITH ANGELA MR,"ET 777Y, 25-Jun-25, ARN  to  ACC, 07:20 – 14:01","ET 948Y, 28-Jun-25, ACC  to  DXB, 22:50 – 05:49",6COU5J,23-Jun,9.716E+11,CG 61139051,25-Dec-96,16-Nov-27,3007320,23-Jun,12-Feb-27,2,28
JONES ERIN MR,"ET 741L, 17-Jun-25, DAR  to  ACC, 05:10 – 11:47","ET 386Y, 19-Jun-25, ACC  to  HRE, 06:40 – 14:39",S5M0BH,15-Jun,9.71566E+11,MY 80440917,6-Dec-99,24-Dec-31,1050803,15-Jun,27-Apr-26,2,25
CARTER MARCIA MR,"ET 389Y, 15-Jun-25, DXB  to  ACC, 21:45 – 04:29","ET 705Y, 16-Jun-25, ACC  to  ARN, 13:10 – 18:10",Q27ROO,23-May,9.71804E+11,GN 97850507,13-Jan-00,26-Nov-25,3992502,23-May,13-Apr-27,1,25
MEDINA STEPHEN MR,"ET 491L, 24-Jun-25, GRU  to  ACC, 00:40 – 07:58","ET 530L, 27-Jun-25, ACC  to  ADD, 04:55 – 12:47",PGJLH1,10-Jun,9.71886E+11,ZM 44758028,7-Apr-04,30-May-32,1108436,10-Jun,14-May-28,3,21
STEVENS CHRISTOPHER MR,"ET 531L, 16-Jun-25, GRU  to  ACC, 18:45 – 01:34","ET 639L, 17-Jun-25, ACC  to  AMS, 04:30 – 12:28",JAAK4W,13-May,9.71223E+11,NE 16465249,27-Oct-00,2-Apr-28,9351088,13-May,13-Jul-26,1,24
VAZQUEZ CHRISTOPHER MR,"ET 505Y, 06-Jun-25, LHR  to  ACC, 22:30 – 04:01","ET 809L, 09-Jun-25, ACC  to  LHR, 22:30 – 05:57",MAKSQI,23-May,9.71064E+11,AE 5137570,18-Dec-04,6-Apr-28,6076122,23-May,20-Feb-29,3,20
MENDOZA IAN MR,"ET 797M, 01-Jun-25, DXB  to  ACC, 18:55 – 01:01","ET 243L, 02-Jun-25, ACC  to  LHR, 23:55 – 05:03",6XX910,15-May,9.71308E+11,MG 6890403,26-Aug-95,28-Dec-32,6584879,15-May,31-Oct-26,1,29
COLEMAN SANDRA MR,"ET 306M, 01-Jun-25, FRA  to  ACC, 05:15 – 11:11","ET 840Y, 27-Jun-25, ACC  to  JNB, 09:05 – 14:37",MYMY54,8-May,9.71495E+11,CU 66546633,26-Sep-71,25-Sep-34,9168733,8-May,16-Jan-29,26,46
OLSEN THOMAS MR,"ET 669L, 06-Jun-25, SFO  to  ACC, 23:15 – 04:37","ET 547Y, 09-Jun-25, ACC  to  DAR, 05:40 – 12:37",O0EYKJ,26-May,9.7175E+11,GW 3585042,23-Aug-97,7-Sep-30,1439055,26-May,19-Mar-29,3,27
CARTER BLAKE MR,"ET 113L, 06-Jun-25, LHR  to  ACC, 16:55 – 23:51","ET 305Y, 10-Jun-25, ACC  to  FRA, 16:00 – 23:31",GVGGVD,23-May,9.71474E+11,AO 47694295,1-Nov-96,3-Dec-34,2425609,23-May,17-May-26,3,28
BARKER DANIELLE MR,"ET 684L, 13-Jun-25, FNA  to  ACC, 08:45 – 14:58","ET 697L, 15-Jun-25, ACC  to  CAN, 14:50 – 03:07",P51032,28-May,9.715E+11,NA 76494816,26-Mar-07,26-Mar-35,5122777,28-May,21-May-26,1,18
SIMPSON JOHN MR,"ET 318M, 12-Jun-25, DXB  to  ACC, 04:45 – 12:50","ET 191Y, 14-Jun-25, ACC  to  CDG, 12:25 – 18:24",B541AC,30-May,9.71705E+11,LC 57105894,15-Sep-97,5-Aug-32,3519945,30-May,9-Feb-26,2,27
DAWSON JUSTIN MR,"ET 129M, 01-Jun-25, AMS  to  ACC, 04:45 – 10:26","ET 264L, 27-Jun-25, ACC  to  ATL, 16:35 – 05:39",BER45R,24-Jun,9.71573E+11,DO 73920174,7-May-78,24-Sep-32,4444489,24-Jun,4-Jun-27,25,47
ARCHER EDWARD MR,"ET 415L, 01-Jun-25, VTE  to  ACC, 04:50 – 10:55","ET 664L, 15-Jun-25, ACC  to  DAR, 13:35 – 20:10",4655DT,17-May,9.71086E+11,GD 9389977,24-Feb-07,12-Jun-30,2590302,17-May,14-Mar-30,14,18
HARRIS TAYLOR MR,"ET 463M, 16-Jun-25, LHR  to  ACC, 06:15 – 12:14","ET 661L, 22-Jun-25, ACC  to  ARN, 23:25 – 07:24",WJKOI7,13-Jun,9.71108E+11,RU 6972741,11-Nov-06,26-Feb-31,9169146,13-Jun,30-Jul-28,5,18
NAVARRO KELLY MR,"ET 505Y, 14-Jun-25, JNB  to  ACC, 08:15 – 15:05","ET 959M, 15-Jun-25, ACC  to  GRU, 10:25 – 16:42",NSINDC,28-May,9.71573E+11,IR 74769666,19-Jun-97,30-Jun-32,2917016,28-May,29-Jun-25,1,28
MORROW CHARLES MR,"ET 112L, 03-Jun-25, ADD  to  ACC, 04:40 – 10:12","ET 478Y, 04-Jun-25, ACC  to  FRA, 01:15 – 06:41",5DS1JL,24-Jun,9.7144E+11,MV 64773022,23-Aug-95,22-Nov-30,5809053,24-Jun,9-Jun-27,0,29
WOODWARD PHYLLIS MR,"ET 510Y, 19-Jun-25, BKK  to  ACC, 21:20 – 08:06","ET 721M, 20-Jun-25, ACC  to  BKK, 06:50 – 18:58",9CHR0P,27-Jun,9.71958E+11,GT 72946766,6-Jun-97,26-Jul-29,6322568,27-Jun,29-Jul-25,1,28
ATKINS MARIA MR,"ET 772M, 23-Jun-25, SFO  to  ACC, 23:55 – 05:59","ET 673M, 24-Jun-25, ACC  to  GRU, 07:30 – 13:59",W25EEO,25-May,9.71302E+11,NO 72016618,5-Feb-05,1-Jan-32,2871592,25-May,3-May-28,1,20
EVANS JOCELYN MR,"ET 309Y, 19-Jun-25, FNA  to  ACC, 07:10 – 15:08","ET 494L, 22-Jun-25, ACC  to  LHR, 06:25 – 12:13",B2DKT1,16-May,9.71729E+11,FM 42992419,12-Jun-55,9-Apr-33,6796061,16-May,3-Mar-28,2,29
MCKAY NICOLE MR,"ET 765L, 10-Jun-25, DAR  to  ACC, 10:45 – 16:34","ET 682M, 13-Jun-25, ACC  to  DXB, 14:20 – 21:45",YKO2AD,14-May,9.71629E+11,LC 73084635,28-Oct-04,5-Nov-34,9961177,14-May,24-Sep-28,3,20
MARSH CHRISTIAN MR,"ET 975Y, 02-Jun-25, LHR  to  ACC, 14:00 – 20:45","ET 797M, 05-Jun-25, ACC  to  VTE, 20:05 – 03:26",0IIP10,28-May,9.71686E+11,MY 31432076,14-Jul-97,16-Mar-33,6271828,28-May,18-Aug-26,2,28
ROMAN JEFFERY MR,"ET 174M, 02-Jun-25, FNA  to  ACC, 02:30 – 09:29","ET 945L, 03-Jun-25, ACC  to  CDG, 17:40 – 22:41",F6J3CP,16-May,9.71491E+11,NO 49539681,16-Mar-96,29-Aug-34,1957201,16-May,29-May-27,1,29
SMITH ASHLEY MR,"ET 387M, 04-Jun-25, ACC  to  ACC, 15:10 – 21:42","ET 386M, 05-Jun-25, ACC  to  LHR, 23:25 – 06:23",DKHUS1,20-Jun,9.71077E+11,LC 79397840,25-Apr-06,28-Mar-35,2055129,20-Jun,18-Oct-25,0,19
CUNNINGHAM SHEENA MR,"ET 487Y, 21-Jun-25, FRA  to  ACC, 08:40 – 16:28","ET 996M, 24-Jun-25, ACC  to  GRU, 00:15 – 07:07",VNNKCX,14-May,9.71818E+11,ER 29748561,10-Apr-56,4-Oct-25,6810311,14-May,1-Apr-26,2,30
TAYLOR LISA MR,"ET 844Y, 13-Jun-25, FNA  to  ACC, 19:45 – 03:43","ET 508M, 14-Jun-25, ACC  to  DAR, 20:45 – 03:08",QMTSI9,15-May,2.3331E+12,GH 87927698,12-Jan-95,9-May-31,9168812,15-May,13-Apr-29,0,30
FRY DARIN MR,"ET 484Y, 04-Jun-25, FNA  to  ACC, 09:00 – 16:03","ET 224L, 08-Jun-25, ACC  to  DAR, 20:25 – 03:01",1BPPHB,29-May,9.71485E+11,TH 17141392,3-May-05,22-Jan-26,6165971,29-May,19-Nov-29,3,20
DURHAM MATTHEW MR,"ET 773M, 24-Jun-25, ACC  to  ACC, 08:35 – 14:48","ET 147Y, 27-Jun-25, ACC  to  LHR, 20:00 – 03:21",XSAL6N,23-Jun,9.71816E+11,KN 10291807,7-Jan-99,23-Mar-32,7382721,23-Jun,23-Mar-28,2,26
BAUTISTA LORI MR,"ET 612M, 02-Jun-25, ADD  to  ACC, 03:15 – 10:01","ET 977M, 27-Jun-25, ACC  to  HRE, 20:05 – 02:34",4QEVHK,20-Jun,9.71637E+11,NO 92519532,31-Mar-73,24-Jan-33,9694777,20-Jun,29-Sep-29,24,47
BATES KYLE MR,"ET 963L, 28-Jun-25, ADD  to  ACC, 10:50 – 16:49","ET 281Y, 28-Jun-25, ACC  to  DAR, 06:05 – 13:15",W8CHEQ,17-Jun,9.71097E+11,NE 61445740,29-Jul-04,10-Mar-31,4686670,17-Jun,7-Nov-28,1,21
BURNETT KIMBERLY MR,"ET 487L, 01-Jun-25, AMS  to  ACC, 05:25 – 11:42","ET 730Y, 28-Jun-25, ACC  to  ADD, 20:45 – 03:21",8TDY2A,23-Jun,9.71208E+11,VA 58768035,15-Oct-71,19-Jun-35,6126865,23-Jun,27-Feb-28,26,46
LOWE JAMES MR,"ET 753Y, 03-Jun-25, FNA  to  ACC, 21:35 – 04:03","ET 569M, 28-Jun-25, ACC  to  FRA, 01:55 – 07:32",NC6AZR,28-May,9.71389E+11,MK 44912712,28-Apr-59,14-Jan-35,5708574,28-May,30-Sep-25,25,33
HAYES AMANDA MR,"ET 521Y, 01-Jun-25, HRE  to  ACC, 06:50 – 13:54","ET 192M, 25-Jun-25, ACC  to  LHR, 09:30 – 16:50",GZQ4WM,11-Jun,3.12225E+11,NL 72082648,25-Dec-97,18-Apr-32,2876268,11-Jun,23-Jan-29,24,27
STEELE CINDY MR,"ET 159Y, 01-Jun-25, JNB  to  ACC, 12:00 – 18:28","ET 637Y, 25-Jun-25, ACC  to  DAR, 11:30 – 19:15",D0GXJT,9-May,9.71628E+11,NI 55530172,1-Mar-00,15-Apr-32,5811526,9-May,5-Apr-26,24,25
EWING JAMES MR,"ET 432Y, 25-Jun-25, FNA  to  ACC, 16:10 – 21:44","ET 138M, 27-Jun-25, ACC  to  VTE, 05:35 – 10:35",X4R4A7,27-May,9.71755E+11,IE 58610261,21-Jul-97,3-Jun-28,2978854,27-May,22-Aug-26,1,28
RAMIREZ DEBORAH MR,"ET 834L, 15-Jun-25, VTE  to  ACC, 07:35 – 14:46","ET 111L, 17-Jun-25, ACC  to  FNA, 22:25 – 05:05",2ULG41,16-May,9.71932E+11,MY 14979727,21-Jun-55,3-May-27,7149912,16-May,2-Nov-27,1,29
GONZALEZ AMY MR,"ET 892M, 12-Jun-25, DXB  to  ACC, 05:30 – 13:04","ET 472Y, 12-Jun-25, ACC  to  JNB, 06:00 – 12:37",00MKNC,6-Jun,9.71485E+11,VU 72764476,25-Jan-06,19-Apr-32,7261149,6-Jun,10-Mar-26,1,19
ROBBINS GLENN MR,"ET 785Y, 09-Jun-25, VTE  to  ACC, 17:35 – 23:27","ET 681Y, 13-Jun-25, ACC  to  GRU, 08:10 – 15:04",ES64AC,15-Jun,9.71045E+11,PL 13533138,4-Jul-05,31-Mar-32,9318680,15-Jun,27-Oct-26,3,20
LONG AMANDA MR,"ET 443M, 11-Jun-25, FNA  to  ACC, 02:05 – 09:34","ET 417Y, 12-Jun-25, ACC  to  FNA, 01:45 – 07:25",QTKN1D,13-Jun,9.7173E+11,GA 51158778,4-Jul-01,4-Aug-28,5261430,13-Jun,24-Jan-28,0,24
VEGA MICHELLE MR,"ET 385Y, 07-Jun-25, DAR  to  ACC, 03:05 – 08:11","ET 549M, 08-Jun-25, ACC  to  JNB, 15:40 – 21:34",SQ3XYR,7-May,9.71345E+11,SK 96174778,9-Jan-98,20-Jun-26,7092445,7-May,3-Apr-29,1,27
BARNETT CHRISTIAN MR,"ET 186L, 13-Jun-25, VTE  to  ACC, 13:05 – 18:24","ET 852Y, 17-Jun-25, ACC  to  DXB, 06:50 – 14:32",V61ESH,13-May,2.54383E+12,KE 62431831,8-Nov-01,21-May-30,6422275,13-May,23-Jan-26,3,23
BROWN JOSHUA MR,"ET 781M, 02-Jun-25, DAR  to  ACC, 02:15 – 08:08","ET 522Y, 27-Jun-25, ACC  to  GRU, 17:15 – 23:43",NT01YS,10-May,9.7193E+11,KN 27985141,30-Sep-68,22-Sep-26,7767638,10-May,19-Jan-29,25,43
WEBSTER ALEJANDRO MR,"ET 750M, 04-Jun-25, FNA  to  ACC, 20:50 – 03:35","ET 332Y, 05-Jun-25, ACC  to  ADD, 04:35 – 12:01",337PJZ,9-May,9.71913E+11,NP 14733764,13-Nov-01,10-Jan-26,2693018,9-May,1-Dec-28,1,23
HESTER TIMOTHY MR,"ET 501Y, 03-Jun-25, FNA  to  ACC, 20:00 – 03:07","ET 596M, 28-Jun-25, ACC  to  DXB, 14:45 – 22:56",TM7MRK,18-May,2.55601E+12,TZ 9157870,30-Sep-60,19-Apr-29,4827768,18-May,25-Jul-26,25,35
PETERSON ANDREW MR,"ET 407Y, 27-Jun-25, JNB  to  ACC, 04:50 – 10:08","ET 433M, 28-Jun-25, ACC  to  LHR, 00:00 – 07:54",KE2EGC,24-Jun,9.7183E+11,CR 96471447,10-Oct-96,23-Nov-34,2768035,24-Jun,7-Mar-29,0,28
COWAN ANGELA MR,"ET 379L, 25-Jun-25, DXB  to  ACC, 00:50 – 09:41","ET 190Y, 26-Jun-25, ACC  to  GRU, 08:00 – 15:31",EMY5RA,11-May,9.71942E+11,LK 92828139,24-Feb-06,29-Jan-32,1635402,11-May,25-Feb-28,1,19
YOUNG ALEXANDER MR,"ET 370L, 08-Jun-25, AMS  to  ACC, 13:20 – 18:38","ET 317Y, 21-Jun-25, ACC  to  SFO, 22:50 – 06:07",7CCQ5C,8-May,9.71732E+11,AT 84568507,16-Aug-06,4-Sep-32,5026451,8-May,23-Jun-28,12,18
LOPEZ JAMES MR,"ET 651Y, 02-Jun-25, ACC  to  ACC, 03:45 – 11:25","ET 831M, 25-Jun-25, ACC  to  HRE, 21:10 – 02:24",SJ9BDE,15-May,2.21455E+12,SN 89259318,1-Mar-05,29-Dec-30,2844790,15-May,2-Jan-27,22,20
STOKES JUSTIN MR,"ET 982M, 07-Jun-25, VTE  to  ACC, 14:10 – 21:24","ET 515L, 18-Jun-25, ACC  to  DXB, 16:30 – 00:11",5YUEMI,26-Jun,9.71764E+11,DM 68029787,23-Jan-07,21-Feb-28,1197007,26-Jun,5-Jul-28,10,18
KNAPP JOEL MR,"ET 666Y, 06-Jun-25, AMS  to  ACC, 13:20 – 19:47","ET 824L, 09-Jun-25, ACC  to  DXB, 10:40 – 17:24",9I5VC0,22-May,9.71102E+11,FJ 24791024,2-Jan-00,25-Jun-31,5261731,22-May,6-Oct-27,2,25
MENDEZ REBECCA MR,"ET 652Y, 25-Jun-25, FNA  to  ACC, 17:55 – 01:50","ET 847Y, 28-Jun-25, ACC  to  AMS, 18:45 – 00:38",J2XOEO,18-May,9.71571E+11,CL 14596658,13-Jul-05,25-Sep-34,8380528,18-May,15-Oct-28,2,20
ROSS AMY MR,"ET 544Y, 04-Jun-25, AMS  to  ACC, 00:30 – 08:29","ET 846Y, 28-Jun-25, ACC  to  ARN, 08:30 – 13:30",2D67MM,14-Jun,4.96204E+12,DE 70363661,11-Feb-03,29-Mar-35,1481482,14-Jun,2-Dec-28,24,22
ALLEN ROGER MR,"ET 628Y, 12-Jun-25, ARN  to  ACC, 19:30 – 02:35","ET 190Y, 14-Jun-25, ACC  to  SFO, 15:20 – 23:10",461HUX,24-May,9.716E+11,PH 88367603,4-Sep-95,11-Feb-27,4376091,24-May,20-Sep-25,2,29
COOPER TONY MR,"ET 117Y, 14-Jun-25, JNB  to  ACC, 06:40 – 14:26","ET 428L, 16-Jun-25, ACC  to  BKK, 12:20 – 21:36",3PQ4DJ,30-May,9.71904E+11,TL 90952817,22-Jan-04,13-May-31,2200922,30-May,15-Sep-29,2,21
SMITH STEPHANIE MR,"ET 875Y, 18-Jun-25, DXB  to  ACC, 22:30 – 05:35","ET 181L, 21-Jun-25, ACC  to  JNB, 17:10 – 22:37",UWZ0NB,5-Jun,9.71332E+11,DO 18830194,22-Oct-05,10-Mar-31,9784324,5-Jun,29-Jul-27,3,19
DUKE MICHAEL MR,"ET 179Y, 23-Jun-25, ADD  to  ACC, 18:35 – 01:37","ET 130M, 24-Jun-25, ACC  to  SFO, 04:05 – 10:38",KJA860,27-May,9.71426E+11,LT 70228050,3-Jan-07,31-May-30,6640231,27-May,1-Nov-25,1,18
THOMAS DENISE MR,"ET 802Y, 10-Jun-25, GRU  to  ACC, 13:45 – 20:09","ET 966M, 10-Jun-25, ACC  to  GRU, 02:45 – 08:20",YW81D5,13-May,2.25979E+11,CI 38012948,8-May-01,3-Apr-32,9530521,13-May,6-May-29,1,24
DUARTE STEVEN MR,"ET 474Y, 05-Jun-25, FRA  to  ACC, 02:55 – 09:36","ET 534M, 28-Jun-25, ACC  to  FRA, 15:05 – 22:53",KZY3KQ,28-May,9.71681E+11,GT 70226170,8-Jun-04,8-Aug-29,8626605,28-May,18-Apr-27,23,21
WARNER JAMES MR,"ET 308Y, 23-Jun-25, AMS  to  ACC, 09:40 – 16:21","ET 225Y, 27-Jun-25, ACC  to  ARN, 00:15 – 05:46",ES7EBA,23-May,9.71066E+11,AL 56115334,31-Aug-97,25-Jun-34,9249438,23-May,29-Sep-28,3,27
ROBERTS AMANDA MR,"ET 486L, 04-Jun-25, ACC  to  ACC, 20:05 – 02:50","ET 124L, 15-Jun-25, ACC  to  SFO, 20:40 – 02:45",BGSIBN,18-May,4.94376E+12,DE 97550124,20-Sep-06,10-May-27,7154847,18-May,11-Aug-27,10,18
GONZALEZ TAMMY MR,"ET 636Y, 08-Jun-25, FRA  to  ACC, 19:15 – 01:53","ET 890L, 09-Jun-25, ACC  to  DXB, 21:20 – 04:53",XIQ70I,28-May,9.7105E+11,LY 95058034,28-Jun-03,28-Feb-29,5938202,28-May,24-Jul-29,1,22
HAYDEN ASHLEY MR,"ET 428Y, 02-Jun-25, FRA  to  ACC, 07:00 – 14:19","ET 997M, 28-Jun-25, ACC  to  DAR, 16:00 – 23:07",OOSGBX,11-May,9.7172E+11,BO 72207549,23-Nov-67,27-Jun-29,4360219,11-May,16-Feb-29,26,42
DAVIS DANIEL MR,"ET 203Y, 04-Jun-25, LHR  to  ACC, 01:45 – 08:45","ET 892M, 06-Jun-25, ACC  to  FRA, 03:55 – 10:05",AMUX2G,29-May,9.71053E+11,BO 58372524,21-Sep-97,18-Jul-32,8127156,29-May,25-Aug-29,2,27
PHILLIPS DAVID MR,"ET 501L, 12-Jun-25, HRE  to  ACC, 13:10 – 18:56","ET 823Y, 13-Jun-25, ACC  to  FRA, 01:00 – 06:58",HAFJ59,26-Jun,9.71301E+11,LT 86602477,29-Aug-04,18-Apr-34,7905266,26-Jun,22-Jun-30,0,20
PARKER SANDRA MR,"ET 513M, 09-Jun-25, ACC  to  ACC, 03:30 – 10:43","ET 645Y, 10-Jun-25, ACC  to  BKK, 01:20 – 12:20",O454J4,28-May,9.71543E+11,AU 63640004,25-Dec-00,26-Oct-32,6326687,28-May,28-Jul-27,1,24
RODGERS KEITH MR,"ET 385L, 01-Jun-25, FNA  to  ACC, 07:20 – 12:27","ET 675M, 26-Jun-25, ACC  to  HRE, 18:15 – 00:36",T6WEH2,22-Jun,9.71338E+11,PE 54565371,8-Oct-73,30-Aug-26,6159992,22-Jun,11-Aug-29,24,48
JOHNSON SARAH MR,"ET 672M, 03-Jun-25, DXB  to  ACC, 13:30 – 21:23","ET 512Y, 04-Jun-25, ACC  to  HKG, 19:50 – 07:41",1R0UP4,1-Jun,9.71723E+11,AD 2510493,11-Sep-98,27-Nov-28,1325520,1-Jun,13-Jun-26,0,26
SMITH DAVID MR,"ET 568L, 01-Jun-25, BKK  to  ACC, 02:20 – 12:57","ET 154L, 27-Jun-25, ACC  to  GRU, 12:45 – 20:01",XNYZ4O,9-May,9.71748E+11,LC 5247817,30-Jan-02,30-Jun-25,7367953,9-May,10-Mar-29,26,23
CUNNINGHAM JACOB MR,"ET 157M, 25-Jun-25, DAR  to  ACC, 04:50 – 10:07","ET 456Y, 28-Jun-25, ACC  to  JNB, 02:30 – 09:28",61C6T7,2-Jun,9.7169E+11,NO 90090741,28-Dec-06,7-Apr-32,5417240,2-Jun,17-Feb-26,2,18
CHAMBERS HOLLY MR,"ET 558L, 26-Jun-25, GRU  to  ACC, 14:10 – 21:31","ET 181Y, 28-Jun-25, ACC  to  LHR, 21:40 – 04:41",CIE88H,20-Jun,9.71289E+11,QA 48179469,6-Apr-06,21-Jul-29,7179649,20-Jun,14-Feb-28,1,19
TUCKER ABIGAIL MR,"ET 885Y, 04-Jun-25, FRA  to  ACC, 05:40 – 10:44","ET 937M, 28-Jun-25, ACC  to  LHR, 08:05 – 15:33",1OA24Q,23-Jun,9.71537E+11,LV 70961728,20-Feb-78,19-Feb-32,6934205,23-Jun,19-Oct-25,24,47
FISHER TODD MR,"ET 355M, 06-Jun-25, HRE  to  ACC, 03:25 – 09:41","ET 248M, 07-Jun-25, ACC  to  HRE, 22:50 – 05:07",BUSMLP,3-May,9.71454E+11,JO 32623507,23-Jul-96,28-Jun-26,5346668,3-May,22-Jul-29,0,29
MOORE STEPHEN MR,"ET 442M, 01-Jun-25, HRE  to  ACC, 01:05 – 07:11","ET 372M, 04-Jun-25, ACC  to  HRE, 08:20 – 13:56",JLB5C4,26-May,9.71112E+11,MT 23644467,9-Jun-07,3-Jan-34,4819185,26-May,20-Jan-29,3,18
MORTON CARLA MR,"ET 633L, 09-Jun-25, SFO  to  ACC, 09:15 – 16:18","ET 685M, 12-Jun-25, ACC  to  JNB, 13:30 – 18:31",VBLRQU,1-May,9.71779E+11,ZW 66098645,10-Dec-06,8-Mar-35,7808973,1-May,21-Nov-27,3,18
COLLINS JULIAN MR,"ET 641M, 01-Jun-25, GRU  to  ACC, 18:15 – 00:59","ET 871Y, 11-Jun-25, ACC  to  VTE, 20:25 – 02:59",904DXO,25-Jun,9.71375E+11,EC 83184685,10-Feb-07,12-Feb-32,4334211,25-Jun,6-Oct-26,10,18
CAMPBELL JACOB MR,"ET 189L, 16-Jun-25, FRA  to  ACC, 13:45 – 19:46","ET 853M, 18-Jun-25, ACC  to  JNB, 17:40 – 00:49",56M0MF,24-May,9.71972E+11,SD 1530401,5-Oct-06,20-May-32,3944121,24-May,3-Nov-28,1,18
MENDOZA HOLLY MR,"ET 648L, 03-Jun-25, DAR  to  ACC, 22:45 – 05:07","ET 879Y, 03-Jun-25, ACC  to  SFO, 06:55 – 14:15",VCMARV,29-Apr,2.51295E+12,ET 79491677,15-Mar-01,3-Aug-34,9314887,29-Apr,16-Jun-29,0,24
SCHROEDER CRYSTAL MR,"ET 264L, 01-Jun-25, LHR  to  ACC, 08:00 – 15:08","ET 436M, 01-Jun-25, ACC  to  FNA, 03:25 – 10:30",W1VQ07,7-Jun,9.71255E+11,CO 25403925,24-Aug-05,14-Mar-30,5765906,7-Jun,1-Jun-29,1,19
ELLIS MIA MR,"ET 783Y, 06-Jun-25, LHR  to  ACC, 13:35 – 21:26","ET 580L, 09-Jun-25, ACC  to  ADD, 17:05 – 00:29",LT6Y96,15-May,9.71845E+11,CG 13459289,8-Jul-54,2-Jan-33,8523939,15-May,29-Aug-27,2,28
SMITH BRANDON MR,"ET 675Y, 09-Jun-25, GRU  to  ACC, 20:00 – 01:39","ET 747L, 09-Jun-25, ACC  to  ARN, 08:10 – 14:51",OWCSEM,15-Jun,9.71248E+11,TT 73185271,20-Feb-03,1-Oct-27,3468779,15-Jun,15-Jan-28,0,22
YOUNG SCOTT MR,"ET 153L, 19-Jun-25, GRU  to  ACC, 20:40 – 04:15","ET 204Y, 24-Jun-25, ACC  to  LHR, 16:55 – 22:52",IF3KZB,9-May,9.7137E+11,IR 66774531,8-Feb-92,12-Sep-34,5332741,9-May,17-Jul-26,5,33
GONZALES JAMES MR,"ET 741Y, 22-Jun-25, JNB  to  ACC, 11:00 – 17:37","ET 821Y, 27-Jun-25, ACC  to  GRU, 08:05 – 15:43",UJ9OAV,9-Jun,9.71752E+11,SZ 5960859,28-Aug-80,15-May-30,1645125,9-Jun,14-Sep-26,4,44
WARNER DUANE MR,"ET 257Y, 04-Jun-25, ADD  to  ACC, 17:50 – 23:47","ET 469L, 11-Jun-25, ACC  to  BKK, 10:30 – 20:35",K4CMJ1,13-May,9.71237E+11,TW 51064530,15-Jun-73,11-Aug-30,4965311,13-May,27-Aug-27,6,47
FISHER HEATHER MR,"ET 717Y, 13-Jun-25, JNB  to  ACC, 13:05 – 18:57","ET 407M, 13-Jun-25, ACC  to  DOH, 22:50 – 07:13",X3O9X5,26-May,9.71356E+11,CD 77544408,19-Apr-72,3-Apr-28,8533270,26-May,8-Oct-26,1,46
FRENCH JACKSON MR,"ET 326M, 06-Jun-25, GRU  to  ACC, 08:20 – 14:51","ET 840L, 12-Jun-25, ACC  to  VTE, 18:05 – 01:12",6C4IFB,16-Jun,9.71483E+11,ID 97611926,23-Sep-82,15-Apr-27,4761478,16-Jun,30-Oct-28,5,42
AUSTIN HANNAH MR,"ET 190L, 13-Jun-25, BKK  to  ACC, 07:55 – 17:14","ET 438Y, 16-Jun-25, ACC  to  SFO, 19:45 – 01:33",AORC22,5-May,9.71455E+11,JO 16426907,19-Aug-85,16-Jun-28,8486746,5-May,6-Mar-26,2,39
PATTERSON CURTIS MR,"ET 760L, 05-Jun-25, BKK  to  ACC, 09:55 – 19:32","ET 735Y, 09-Jun-25, ACC  to  GRU, 04:10 – 10:07",0JXKDG,15-May,9.71141E+11,MG 54398624,28-Jan-87,22-Aug-28,8295023,15-May,5-May-29,3,38
