Passenger Name,Flight 1,Flight 2,Ticket Number,Ticket Issue Date,Contact,Passport,Date of Birth,Passport Expiry,Visa Number,Visa Issue Date,Visa Expiry Date,stay_duration,passenger_age,origin1,dest1,origin2,dest2,anomaly_score,status,is_potential_drug_trafficker
DANIELLE GARCIA,"DL 691Y, 10-JUL-25, JFK  to  ACC, 04:46:11 - 07:00:34, Seat: 46B","DL 994Y, 25-JUL-25, ACC  to  LAX, 17:06:52 - 20:13:41,Seat: 30B",4429110000000.0,27-Jul,001-102-602-6691124 / 801-374-4322,OA42709134,8-May-72,7-Jul-32,9198206,27-Jul,10-Mar-28,15.0,46,0,0,0,0,0.0,Normal,0
BRIAN KELLY,"DL 948Y, 21-JUL-25, JFK  to  ACC, 09:26:55 - 22:12:39, Seat: 20A","DL 356Y, 15-JUL-25, ACC  to  ATL, 17:24:41 - 02:48:34,Seat: 8A",1959850000000.0,27-Jul,16189151904064 / 1260461353,AM40703453,5-Jan-56,20-May-35,1241688,27-Jul,2-Jan-30,6.0,30,0,0,0,0,0.0,Normal,0
ERIC CARROLL,"DL 354Y, 13-JUL-25, JFK  to  ACC, 23:50:00 - 14:58:40, Seat: 19E","DL 558Y, 09-JUL-25, ACC  to  CDG, 14:50:55 - 17:19:01,Seat: 23C",6870930000000.0,27-Jul,864-792-480897172 / 8505671817,AP75079119,27-Mar-73,18-May-34,9843744,27-Jul,4-May-28,4.0,47,0,0,0,0,0.0,Normal,0
JONATHAN COOK,"DL 927Y, 05-JUL-25, JFK  to  ACC, 06:00:13 - 02:23:27, Seat: 45C","DL 120Y, 05-JUL-25, ACC  to  BOS, 01:41:51 - 15:58:19,Seat: 20A",1641870000000.0,27-Jul,001-760-064-6388168 / (933)998-2073750,LR71894479,27-Jan-07,1-Jun-32,3299581,27-Jul,21-Jan-28,0.0,18,0,0,0,0,1.0,High,1
RICARDO RANDALL,"DL 978Y, 06-JUL-25, JFK  to  ACC, 07:08:41 - 04:26:12, Seat: 16C","DL 399Y, 14-JUL-25, ACC  to  ATL, 21:31:28 - 12:01:02,Seat: 28C",3136140000000.0,27-Jul,+1-004-133-720188613 / 0214251730,OI34302043,18-Oct-89,5-Oct-33,1774854,27-Jul,15-Aug-26,8.0,35,0,0,0,0,0.0,Normal,0
ERIN BIRD,"DL 494Y, 19-JUL-25, JFK  to  ACC, 23:49:08 - 06:14:21, Seat: 38D","DL 774Y, 07-JUL-25, ACC  to  LAX, 08:48:07 - 04:39:08,Seat: 35A",9986490000000.0,27-Jul,(918)532-7333 / (652)977-25597468,AU31554737,31-Aug-01,3-Jan-33,8143740,27-Jul,29-Mar-30,12.0,23,0,0,0,0,0.0,Normal,0
ELIZABETH SIMMONS,"DL 109Y, 10-JUL-25, JFK  to  ACC, 02:46:04 - 08:19:20, Seat: 14D","DL 620Y, 09-JUL-25, ACC  to  DTW, 09:30:46 - 19:37:14,Seat: 50F",5372700000000.0,27-Jul,9044656078 / 26090156597326,WX87228795,11-Jun-88,13-Sep-33,6478611,27-Jul,23-Feb-27,1.0,37,0,0,0,0,0.0,Normal,0
HENRY THOMPSON,"DL 459Y, 04-JUL-25, JFK  to  ACC, 02:38:18 - 19:43:43, Seat: 22C","DL 733Y, 01-JUL-25, ACC  to  LAX, 01:28:32 - 13:12:28,Seat: 48A",1422520000000.0,27-Jul,885-505-4501 / 001-956-888-1268,NZ74239471,24-Mar-83,18-Oct-31,5633908,27-Jul,26-Apr-28,3.0,42,0,0,0,0,0.0,Normal,0
JOHN ROGERS,"DL 891Y, 17-JUL-25, JFK  to  ACC, 21:53:55 - 10:41:17, Seat: 31A",,1119810000000.0,27-Jul,+1-756-033-3874991 / 284-555-5002,GF58207647,10-Mar-56,4-Dec-30,8024678,27-Jul,4-Sep-28,9999.0,30,0,0,0,0,0.43666666666666665,Low,0
RICKY WALKER,"DL 782Y, 06-JUL-25, JFK  to  ACC, 21:03:17 - 18:42:25, Seat: 30A","DL 980Y, 06-JUL-25, ACC  to  JFK, 06:53:40 - 23:26:50,Seat: 42A",9351810000000.0,27-Jul,373-454-0067 / +1-311-907-7321,PG20290105,7-Sep-91,1-Apr-31,7392982,27-Jul,3-May-27,0.0,33,0,0,0,0,0.0,Normal,0
SHANNON WILLIAMS MD,"DL 615Y, 12-JUL-25, JFK  to  ACC, 11:06:37 - 22:13:51, Seat: 7B","DL 673Y, 11-JUL-25, ACC  to  DTW, 02:08:27 - 15:37:04,Seat: 44B",2738530000000.0,27-Jul,701-737-23980684 / 103-191-79730804,GS47874451,11-Nov-96,15-Dec-32,6379022,27-Jul,1-Mar-30,1.0,28,0,0,0,0,1.0,High,1
BRUCE JAMES,"DL 203Y, 09-JUL-25, JFK  to  ACC, 00:41:35 - 05:12:13, Seat: 31B","DL 615Y, 21-JUL-25, ACC  to  ATL, 06:56:51 - 13:51:53,Seat: 8B",7249670000000.0,27-Jul,262423677387596 / 3915052785,VZ52336794,6-Jul-98,28-Nov-32,4204602,27-Jul,24-Nov-28,12.0,27,0,0,0,0,0.0,Normal,0
ANDREA WILSON,"DL 399Y, 07-JUL-25, JFK  to  ACC, 11:33:09 - 22:09:45, Seat: 19B","DL 150Y, 12-JUL-25, ACC  to  JFK, 06:53:26 - 15:30:37,Seat: 25E",1746350000000.0,27-Jul,5628413137 / +1-093-575-5919,EJ75987274,5-Mar-87,2-Jan-32,7210432,27-Jul,21-Jan-28,5.0,38,0,0,0,0,0.0,Normal,0
JORGE FARMER,"DL 618Y, 13-JUL-25, JFK  to  ACC, 04:29:49 - 10:37:01, Seat: 49A","DL 586Y, 12-JUL-25, ACC  to  CDG, 17:02:14 - 00:08:05,Seat: 18C",7839120000000.0,27-Jul,(540)053-256665848 / 805366520683707,GX39168786,27-Jun-65,3-Jul-34,3720808,27-Jul,5-Feb-28,1.0,39,0,0,0,0,0.0,Normal,0
SERGIO PATTERSON,"DL 377Y, 21-JUL-25, JFK  to  ACC, 22:29:36 - 07:10:08, Seat: 7A","DL 689Y, 19-JUL-25, ACC  to  BOS, 09:49:03 - 11:41:59,Seat: 25F",9991550000000.0,27-Jul,5730382540 / 001-523-109-9295,TF75159237,4-Apr-68,22-Oct-33,3712455,27-Jul,19-Mar-30,2.0,42,0,0,0,0,0.0,Normal,0
CRYSTAL HINES,"DL 988Y, 26-JUL-25, JFK  to  ACC, 01:47:00 - 04:27:22, Seat: 20E","DL 471Y, 05-JUL-25, ACC  to  DTW, 11:15:36 - 12:02:16,Seat: 35E",5400930000000.0,27-Jul,754-200-713991630 / (197)345-129864664,PA63329630,20-Jul-65,3-May-32,1593259,27-Jul,7-Sep-28,21.0,39,0,0,0,0,0.0,Normal,0
AARON FOX,"DL 225Y, 09-JUL-25, JFK  to  ACC, 18:43:39 - 22:04:02, Seat: 14A","DL 147Y, 13-JUL-25, ACC  to  AMS, 16:09:18 - 16:30:56,Seat: 32A",7276940000000.0,27-Jul,+1-375-818-83771834 / (834)683-7059,GL67266424,3-Oct-64,3-Oct-31,3856622,27-Jul,31-Aug-27,4.0,39,0,0,0,0,0.0,Normal,0
KIMBERLY MILLER,"DL 785Y, 06-JUL-25, JFK  to  ACC, 12:35:54 - 10:07:14, Seat: 23D","DL 443Y, 20-JUL-25, ACC  to  CDG, 21:02:28 - 12:28:41,Seat: 3A",4479790000000.0,27-Jul,725715447738865 / +1-976-541-25108507,MT00157308,25-Aug-77,11-Jun-35,7346247,27-Jul,20-Sep-26,14.0,47,0,0,0,0,0.0,Normal,0
JESSE ROSS,"DL 264Y, 12-JUL-25, JFK  to  ACC, 13:21:15 - 07:40:26, Seat: 6A","DL 754Y, 10-JUL-25, ACC  to  SFO, 12:41:44 - 15:09:28,Seat: 36F",7686190000000.0,27-Jul,528449107030313 / 89906421448707,LC26258139,2-Oct-67,31-Dec-33,3849641,27-Jul,23-Nov-26,2.0,42,0,0,0,0,0.0,Normal,0
KRYSTAL FOWLER,"DL 977Y, 25-JUL-25, JFK  to  ACC, 07:11:04 - 10:39:00, Seat: 19B","DL 278Y, 15-JUL-25, ACC  to  JFK, 17:58:43 - 05:09:40,Seat: 50B",4868770000000.0,27-Jul,001-543-523-8776 / 001-673-198-17303090,ID29890843,13-Apr-70,21-Aug-34,4094359,27-Jul,18-Feb-27,10.0,44,0,0,0,0,0.0,Normal,0
DR. SARA LYNCH,"DL 983Y, 15-JUL-25, JFK  to  ACC, 22:43:04 - 18:25:58, Seat: 16E","DL 236Y, 11-JUL-25, ACC  to  LAX, 02:24:56 - 16:33:21,Seat: 27A",1992810000000.0,27-Jul,8847582298 / 9539232474,EX32875879,1-Oct-97,16-Sep-30,4700895,27-Jul,23-Mar-29,4.0,27,0,0,0,0,0.013333333333333334,Normal,0
KIMBERLY ANDERSON,"DL 408Y, 24-JUL-25, JFK  to  ACC, 00:30:33 - 18:46:43, Seat: 50E","DL 704Y, 16-JUL-25, ACC  to  SFO, 23:37:54 - 13:56:54,Seat: 50D",2856930000000.0,27-Jul,-5996,XL09550049,14-Mar-97,11-May-34,4656109,27-Jul,17-Aug-28,8.0,28,0,0,0,0,0.0,Normal,0
MARIA DIAZ,"DL 581Y, 02-JUL-25, JFK  to  ACC, 10:16:56 - 19:57:01, Seat: 32A","DL 124Y, 05-JUL-25, ACC  to  CDG, 14:48:52 - 11:50:10,Seat: 17C",5177600000000.0,27-Jul,4229628593 / 843-284-7939,RH63033639,22-Apr-61,28-May-35,7086367,27-Jul,29-Jan-30,3.0,35,0,0,0,0,0.0,Normal,0
SANDRA JOHNSON,"DL 702Y, 05-JUL-25, JFK  to  ACC, 17:35:14 - 07:40:42, Seat: 40D","DL 802Y, 08-JUL-25, ACC  to  LAX, 06:31:59 - 22:03:12,Seat: 49F",4508590000000.0,27-Jul,(357)849-5713 / +1-021-351-270774104,SP85004159,10-Feb-99,4-Mar-31,7523517,27-Jul,27-Jan-29,3.0,26,0,0,0,0,1.0,High,1
THERESA FLORES,"DL 957Y, 04-JUL-25, JFK  to  ACC, 01:42:57 - 03:47:11, Seat: 50C","DL 559Y, 13-JUL-25, ACC  to  ATL, 22:14:17 - 07:33:46,Seat: 16D",2061560000000.0,27-Jul,001-539-626-5572336 / (944)971-5471879,NK65299695,15-Sep-59,7-Oct-34,8375265,27-Jul,21-Mar-27,9.0,34,0,0,0,0,0.0,Normal,0
AMY HUANG,"DL 499Y, 12-JUL-25, JFK  to  ACC, 07:01:59 - 08:21:58, Seat: 14B","DL 434Y, 08-JUL-25, ACC  to  CDG, 19:49:25 - 10:15:36,Seat: 38C",2162300000000.0,27-Jul,0780103673 / 9240832381,IT69341020,25-Oct-82,9-Jan-35,8615042,27-Jul,19-Jan-27,4.0,42,0,0,0,0,0.0028303747534516766,Normal,0
KRISTIN RICE,"DL 917Y, 24-JUL-25, JFK  to  ACC, 21:43:55 - 12:04:03, Seat: 41F","DL 578Y, 01-JUL-25, ACC  to  DTW, 08:37:16 - 20:55:25,Seat: 14E",7845590000000.0,27-Jul,78720630207832 / (648)999-8616748,VH74560108,15-Nov-52,24-Nov-31,9896461,27-Jul,18-Dec-29,23.0,27,0,0,0,0,0.25333333333333335,Normal,0
KAREN ROWLAND,"DL 512Y, 05-JUL-25, JFK  to  ACC, 08:14:56 - 12:28:14, Seat: 11B","DL 569Y, 22-JUL-25, ACC  to  CDG, 00:31:49 - 03:46:41,Seat: 45A",9983420000000.0,27-Jul,001-515-088-5695336 / (543)155-2875,OB99014745,27-Apr-63,30-Dec-32,4376771,27-Jul,9-May-29,17.0,37,0,0,0,0,0.0,Normal,0
CHRISTOPHER CAMPBELL,"DL 485Y, 08-JUL-25, JFK  to  ACC, 00:40:55 - 07:34:43, Seat: 24E","DL 422Y, 09-JUL-25, ACC  to  SEA, 04:35:32 - 18:53:59,Seat: 15D",1981670000000.0,27-Jul,001-507-501-2566 / 3309667369,IG30665664,6-Nov-89,9-Mar-35,2765313,27-Jul,21-Jan-27,1.0,35,0,0,0,0,0.0,Normal,0
JOHN STEWART,"DL 997Y, 04-JUL-25, JFK  to  ACC, 10:08:57 - 07:45:22, Seat: 22E","DL 647Y, 15-JUL-25, ACC  to  SFO, 22:57:35 - 10:32:36,Seat: 14B",9442160000000.0,27-Jul,52610684868188 / (659)348-1482,PO47604456,19-Jul-57,10-May-35,4033943,27-Jul,6-Aug-29,11.0,31,0,0,0,0,0.0,Normal,0
ERIK HUNTER,"DL 178Y, 15-JUL-25, JFK  to  ACC, 18:13:46 - 20:50:56, Seat: 38D","DL 393Y, 17-JUL-25, ACC  to  LAX, 18:31:32 - 00:14:47,Seat: 39F",8916590000000.0,27-Jul,293-405-8439 / +1-594-279-9491,MT18491316,3-May-64,9-Jul-34,3708850,27-Jul,29-May-29,2.0,38,0,0,0,0,0.033608867385786334,Normal,0
MANUEL VILLEGAS,"DL 714Y, 01-JUL-25, JFK  to  ACC, 10:42:30 - 22:19:13, Seat: 29B","DL 135Y, 04-JUL-25, ACC  to  CDG, 09:58:09 - 09:11:24,Seat: 7E",7626650000000.0,27-Jul,+1-682-509-3556056 / (108)940-348053355,XH59644373,27-Mar-58,13-Feb-31,9377513,27-Jul,20-May-27,3.0,32,0,0,0,0,0.0,Normal,0
MELINDA VILLEGAS,"DL 892Y, 20-JUL-25, JFK  to  ACC, 20:09:18 - 04:41:51, Seat: 49C","DL 396Y, 22-JUL-25, ACC  to  CDG, 18:33:48 - 12:42:04,Seat: 44F",4975270000000.0,27-Jul,0565566631757 / 741-735-725905797,MK15103264,6-Jun-56,21-Jul-34,7945333,27-Jul,4-Jun-27,2.0,30,0,0,0,0,0.9833333333333333,High,1
CARRIE RICE,"DL 352Y, 14-JUL-25, JFK  to  ACC, 04:39:57 - 02:08:07, Seat: 28D","DL 748Y, 06-JUL-25, ACC  to  SEA, 16:53:01 - 19:56:23,Seat: 24C",5533400000000.0,27-Jul,300-757-61086959 / 40862959762389,PJ34737321,23-Oct-03,2-Sep-33,9802323,27-Jul,19-Aug-26,8.0,21,0,0,0,0,0.0,Normal,0
HEATHER GREENE,"DL 884Y, 11-JUL-25, JFK  to  ACC, 01:34:07 - 13:01:02, Seat: 16E","DL 592Y, 17-JUL-25, ACC  to  SEA, 16:34:55 - 13:38:59,Seat: 24C",8187730000000.0,27-Jul,+1-523-973-615447738 / 4390395652,ZI67401390,9-May-75,2-Oct-33,2810205,27-Jul,25-Jul-29,6.0,50,0,0,0,0,0.06559495665878645,Normal,0
REBECCA CLAYTON,"DL 627Y, 23-JUL-25, JFK  to  ACC, 19:45:26 - 06:01:24, Seat: 30A","DL 523Y, 12-JUL-25, ACC  to  CDG, 14:02:11 - 21:12:05,Seat: 38E",8612350000000.0,27-Jul,331833041385596 / 088-359-231585315,EE12182204,1-Feb-50,28-Apr-35,6982678,27-Jul,26-Jan-28,11.0,24,0,0,0,0,0.0,Normal,0
FRANK VEGA,"DL 984Y, 24-JUL-25, JFK  to  ACC, 08:33:34 - 12:46:17, Seat: 6B","DL 845Y, 21-JUL-25, ACC  to  CDG, 01:23:16 - 02:39:07,Seat: 45F",5049960000000.0,27-Jul,8833114369 / 333-661-571609939,JV78465892,14-May-06,7-Nov-32,6204882,27-Jul,22-Mar-30,3.0,19,0,0,0,0,1.0,High,1
DEVON DICKERSON,"DL 222Y, 01-JUL-25, JFK  to  ACC, 07:10:28 - 20:15:21, Seat: 30C","DL 222Y, 12-JUL-25, ACC  to  SEA, 13:22:59 - 00:14:22,Seat: 32C",5782040000000.0,27-Jul,(541)561-5332327 / (329)072-7937,KQ42560901,16-May-50,20-May-32,4933961,27-Jul,6-Nov-27,11.0,24,0,0,0,0,0.0,Normal,0
KAREN RUSSO,"DL 286Y, 03-JUL-25, JFK  to  ACC, 11:30:01 - 01:11:39, Seat: 10C","DL 135Y, 22-JUL-25, ACC  to  BOS, 08:12:23 - 10:54:36,Seat: 34B",3915790000000.0,27-Jul,001-492-373-324733736 / (305)462-9964,OD30454022,1-Nov-67,5-Jul-32,6249692,27-Jul,23-Jan-29,19.0,42,0,0,0,0,0.0,Normal,0
HEATHER CARDENAS,"DL 569Y, 08-JUL-25, JFK  to  ACC, 17:13:49 - 00:28:49, Seat: 23B","DL 274Y, 14-JUL-25, ACC  to  AMS, 01:46:44 - 02:46:57,Seat: 1C",4718950000000.0,27-Jul,(764)598-1876 / 38514328517853,ME14536366,11-Dec-83,8-Aug-30,2887771,27-Jul,3-Jan-28,6.0,41,0,0,0,0,0.0,Normal,0
MITCHELL WILLIAMSON,"DL 742Y, 09-JUL-25, JFK  to  ACC, 01:21:30 - 21:36:40, Seat: 11B","DL 385Y, 02-JUL-25, ACC  to  JFK, 05:39:31 - 08:25:16,Seat: 2A",3343380000000.0,27-Jul,+1-646-930-150260036 / +1-205-901-2273205,XR51737510,18-Jun-60,12-Jan-31,8270474,27-Jul,10-Apr-28,7.0,34,0,0,0,0,0.0,Normal,0
MELANIE FIELDS,"DL 373Y, 03-JUL-25, JFK  to  ACC, 22:56:48 - 08:14:18, Seat: 9E","DL 638Y, 05-JUL-25, ACC  to  CDG, 13:48:57 - 08:43:42,Seat: 21F",6890120000000.0,27-Jul,581-085-1460 / 775-285-0987,NW53734999,25-Jan-62,18-Nov-30,6118291,27-Jul,1-Sep-28,2.0,36,0,0,0,0,0.0,Normal,0
NANCY GILL,"DL 109Y, 24-JUL-25, JFK  to  ACC, 22:04:49 - 11:38:01, Seat: 8D","DL 968Y, 25-JUL-25, ACC  to  LAX, 19:10:08 - 08:07:30,Seat: 8E",2296110000000.0,27-Jul,001-178-347-60612731 / 001-622-280-63640224,KL89997526,6-Apr-85,24-Aug-33,3153399,27-Jul,20-Feb-29,1.0,40,0,0,0,0,0.0,Normal,0
JESSICA MILLER,"DL 766Y, 23-JUL-25, JFK  to  ACC, 08:03:16 - 17:32:17, Seat: 44C","DL 369Y, 22-JUL-25, ACC  to  SEA, 21:45:42 - 17:48:32,Seat: 8B",3048640000000.0,27-Jul,001-010-914-516991253 / +1-732-542-1544041,DL94777048,13-Mar-77,26-Sep-34,9612140,27-Jul,4-Apr-30,1.0,48,0,0,0,0,0.0,Normal,0
LAURA TURNER,"DL 587Y, 13-JUL-25, JFK  to  ACC, 20:30:16 - 02:24:21, Seat: 17C","DL 447Y, 07-JUL-25, ACC  to  CDG, 04:26:10 - 03:31:12,Seat: 9B",2472250000000.0,27-Jul,+1-611-652-4467 / (622)961-0119,CC09757300,25-Oct-99,26-Nov-32,2140285,27-Jul,9-May-30,6.0,25,0,0,0,0,0.0,Normal,0
MARK DAVIS,"DL 201Y, 25-JUL-25, JFK  to  ACC, 00:49:48 - 06:22:52, Seat: 27C","DL 269Y, 06-JUL-25, ACC  to  MSP, 07:25:50 - 04:05:09,Seat: 1A",4935690000000.0,27-Jul,+1-380-255-2820 / (578)391-122519524,UZ04433632,28-Feb-78,4-Aug-33,4780205,27-Jul,27-Aug-28,19.0,47,0,0,0,0,0.0,Normal,0
JOHN CARR,"DL 870Y, 16-JUL-25, JFK  to  ACC, 15:05:15 - 14:10:36, Seat: 17C","DL 621Y, 07-JUL-25, ACC  to  AMS, 03:20:37 - 00:45:32,Seat: 46B",5709510000000.0,27-Jul,3042247445 / 41421963027720,LW22554083,20-Sep-51,15-Jun-35,1071189,27-Jul,25-Dec-26,9.0,26,0,0,0,0,0.0,Normal,0
DR. JOSE ROBERTSON,"DL 509Y, 10-JUL-25, JFK  to  ACC, 04:04:59 - 16:32:14, Seat: 1C","DL 492Y, 05-JUL-25, ACC  to  JFK, 04:55:41 - 20:07:41,Seat: 32D",4082480000000.0,27-Jul,001-861-944-25832477 / 352-059-106969228,US96193970,9-Jul-86,8-Oct-31,2851605,27-Jul,13-Nov-27,5.0,39,0,0,0,0,0.003206703910614525,Normal,0
BRIAN BRUCE,"DL 881Y, 25-JUL-25, JFK  to  ACC, 23:58:10 - 16:53:47, Seat: 23A","DL 797Y, 24-JUL-25, ACC  to  CDG, 15:25:37 - 21:34:36,Seat: 39F",4974750000000.0,27-Jul,18370960508367 / 081-050-7475567,NN05764343,19-Nov-64,16-Jun-35,5985854,27-Jul,27-Sep-29,1.0,39,0,0,0,0,0.0,Normal,0
ROY KEITH,"DL 217Y, 06-JUL-25, JFK  to  ACC, 08:27:13 - 10:52:25, Seat: 44C","DL 352Y, 13-JUL-25, ACC  to  JFK, 15:51:49 - 14:05:25,Seat: 45A",6612970000000.0,27-Jul,(637)906-56532645 / 001-025-739-6080831,DO14412015,2-Jun-56,27-Jul-33,2949664,27-Jul,24-Dec-27,7.0,30,0,0,0,0,0.0,Normal,0
VERONICA NEWMAN,"DL 753Y, 26-JUL-25, JFK  to  ACC, 12:18:09 - 17:48:57, Seat: 9C","DL 885Y, 13-JUL-25, ACC  to  BOS, 07:18:30 - 07:57:59,Seat: 13D",8136270000000.0,27-Jul,(523)153-2469805 / 864-590-22805522,BT20775805,1-Jun-72,6-Dec-34,4555372,27-Jul,5-Apr-30,13.0,46,0,0,0,0,0.0,Normal,0
ANDRE STEPHENS,"DL 973Y, 20-JUL-25, JFK  to  ACC, 20:22:15 - 21:26:13, Seat: 25B","DL 105Y, 09-JUL-25, ACC  to  MSP, 07:21:03 - 12:14:34,Seat: 31C",7907050000000.0,27-Jul,9544533807 / 427-737-356932993,ZP59796749,7-Feb-74,18-Apr-35,7705493,27-Jul,10-Dec-27,11.0,48,0,0,0,0,0.0,Normal,0
BRIDGET SHAW,"DL 809Y, 08-JUL-25, JFK  to  ACC, 01:05:56 - 03:22:09, Seat: 6A","DL 360Y, 15-JUL-25, ACC  to  LAX, 18:29:50 - 15:53:27,Seat: 12A",2466190000000.0,27-Jul,(279)195-6140 / (609)240-339872641,ZI07391964,11-May-92,22-Oct-33,2974126,27-Jul,29-May-30,7.0,33,0,0,0,0,0.0,Normal,0
DAVID FAULKNER,"DL 231Y, 24-JUL-25, JFK  to  ACC, 05:17:18 - 13:56:58, Seat: 4D","DL 329Y, 06-JUL-25, ACC  to  LAX, 00:58:45 - 09:30:20,Seat: 39A",2147810000000.0,27-Jul,+1-456-922-9244689 / 509317509347573,CV14091752,3-Nov-99,1-Apr-34,7707876,27-Jul,19-Dec-26,18.0,25,0,0,0,0,0.0,Normal,0
KIMBERLY CARR,"DL 635Y, 08-JUL-25, JFK  to  ACC, 09:21:37 - 23:17:04, Seat: 13B","DL 332Y, 21-JUL-25, ACC  to  ATL, 09:08:10 - 19:01:13,Seat: 7E",9602340000000.0,27-Jul,122-896-8524 / (053)931-38650636,AF84254069,7-Jan-83,5-Jan-35,7175444,27-Jul,12-Oct-27,13.0,42,0,0,0,0,0.0,Normal,0
TIFFANY TAYLOR,"DL 975Y, 11-JUL-25, JFK  to  ACC, 16:37:50 - 20:25:33, Seat: 27C","DL 149Y, 05-JUL-25, ACC  to  ATL, 13:23:21 - 23:07:36,Seat: 32B",1792340000000.0,27-Jul,(647)213-533121991 / 3142278849,OK52340070,17-Aug-66,30-Jul-34,4476976,27-Jul,5-Sep-28,6.0,40,0,0,0,0,0.0,Normal,0
MARIA NORMAN,"DL 370Y, 17-JUL-25, JFK  to  ACC, 20:45:22 - 10:50:01, Seat: 14F","DL 611Y, 08-JUL-25, ACC  to  JFK, 01:09:28 - 09:31:30,Seat: 29C",9450030000000.0,27-Jul,+1-641-081-765716011 / 553229316166484,WA08366109,10-Jul-57,11-Jul-33,7860377,27-Jul,18-Dec-27,9.0,31,0,0,0,0,0.0,Normal,0
CAMERON GALVAN,"DL 165Y, 07-JUL-25, JFK  to  ACC, 06:55:50 - 09:50:13, Seat: 5E","DL 476Y, 02-JUL-25, ACC  to  AMS, 14:44:28 - 19:35:08,Seat: 1F",7525440000000.0,27-Jul,001-583-290-8611085 / 038841108479895,XU58097015,30-Jul-94,23-Jul-31,7567602,27-Jul,17-Feb-29,5.0,31,0,0,0,0,0.0,Normal,0
MR. CHRISTOPHER WILLIAMS,"DL 593Y, 15-JUL-25, JFK  to  ACC, 18:12:07 - 22:12:00, Seat: 23A","DL 682Y, 24-JUL-25, ACC  to  SFO, 06:47:43 - 16:50:55,Seat: 15D",7112480000000.0,27-Jul,(431)440-2282 / +1-039-117-4396779,ZL72788093,29-May-96,29-Aug-33,4263208,27-Jul,11-Oct-28,9.0,29,0,0,0,0,0.0,Normal,0
DOUGLAS YOUNG,"DL 437Y, 21-JUL-25, JFK  to  ACC, 11:22:18 - 11:07:42, Seat: 22F","DL 283Y, 11-JUL-25, ACC  to  AMS, 21:50:49 - 08:39:55,Seat: 11C",1316080000000.0,27-Jul,1838258659930 / (783)205-0479,OY13647987,10-Jun-75,23-Jun-35,3905260,27-Jul,30-Jan-28,10.0,50,0,0,0,0,0.023333333333333334,Normal,0
BRIAN HERNANDEZ JR.,"DL 666Y, 14-JUL-25, JFK  to  ACC, 14:06:13 - 11:30:45, Seat: 2D","DL 568Y, 07-JUL-25, ACC  to  JFK, 17:16:11 - 19:50:12,Seat: 27A",3014220000000.0,27-Jul,001-743-638-8037882 / +1-043-334-0302710,PS91587791,6-Apr-77,1-Mar-34,2633902,27-Jul,2-Mar-29,7.0,48,0,0,0,0,0.0,Normal,0
AMANDA KIM,"DL 883Y, 20-JUL-25, JFK  to  ACC, 01:02:12 - 20:23:30, Seat: 44F","DL 227Y, 01-JUL-25, ACC  to  LAX, 05:31:39 - 18:56:13,Seat: 38F",9890400000000.0,27-Jul,30954664882735 / 001-744-542-566387630,ZL90444306,27-Sep-80,16-Aug-32,2583563,27-Jul,25-May-28,19.0,44,0,0,0,0,0.0,Normal,0
MICHEAL MCLAUGHLIN,"DL 759Y, 26-JUL-25, JFK  to  ACC, 22:10:29 - 06:56:21, Seat: 5D","DL 339Y, 26-JUL-25, ACC  to  ATL, 21:58:53 - 06:51:54,Seat: 46A",4722720000000.0,27-Jul,915-761-96174435 / 732-433-1508541,HQ40050978,17-Jun-87,20-Dec-31,7849373,27-Jul,17-Oct-28,0.0,38,0,0,0,0,0.0,Normal,0
TERRI PRICE,"DL 328Y, 21-JUL-25, JFK  to  ACC, 12:02:07 - 09:03:02, Seat: 43C","DL 524Y, 27-JUL-25, ACC  to  JFK, 08:43:53 - 06:16:42,Seat: 5D",2063530000000.0,27-Jul,(927)898-041502956 / (989)534-2523790,QD44439236,9-Sep-75,3-Oct-32,1895860,27-Jul,14-Feb-30,6.0,49,0,0,0,0,0.0022616233254531127,Normal,0
LISA EVANS,"DL 300Y, 13-JUL-25, JFK  to  ACC, 20:26:19 - 07:43:44, Seat: 19F","DL 982Y, 01-JUL-25, ACC  to  BOS, 20:21:34 - 11:41:51,Seat: 35E",4814580000000.0,27-Jul,(234)002-4682 / 4387343837057,WB61784780,23-Oct-66,30-Sep-32,5823308,27-Jul,16-Nov-27,12.0,41,0,0,0,0,0.0,Normal,0
KRYSTAL BROWN,"DL 105Y, 04-JUL-25, JFK  to  ACC, 04:22:08 - 14:19:35, Seat: 46A","DL 247Y, 02-JUL-25, ACC  to  SFO, 11:52:30 - 10:28:03,Seat: 3D",8297130000000.0,27-Jul,(302)371-679889626 / 001-402-467-0938,IK57364554,15-Jan-62,23-Oct-34,8960062,27-Jul,27-Aug-29,2.0,36,0,0,0,0,0.0,Normal,0
NORMAN ESTRADA,"DL 736Y, 04-JUL-25, JFK  to  ACC, 21:49:06 - 21:21:11, Seat: 1B","DL 885Y, 02-JUL-25, ACC  to  SFO, 11:30:18 - 14:27:38,Seat: 32C",4813060000000.0,27-Jul,74587697910502 / 285-421-6781,DS14850605,14-Aug-69,28-Sep-33,6929782,27-Jul,21-May-28,2.0,43,0,0,0,0,0.0,Normal,0
MIKE JACKSON,"DL 575Y, 06-JUL-25, JFK  to  ACC, 10:37:44 - 05:23:40, Seat: 13C","DL 136Y, 21-JUL-25, ACC  to  JFK, 02:28:15 - 22:14:40,Seat: 2F",7202470000000.0,27-Jul,+1-637-332-606901573 / 001-925-381-50886488,GQ70542013,31-Mar-52,24-Dec-34,4444769,27-Jul,25-Nov-27,15.0,26,0,0,0,0,0.0,Normal,0
MRS. CYNTHIA PHILLIPS,"DL 919Y, 25-JUL-25, JFK  to  ACC, 21:48:12 - 21:38:21, Seat: 46D","DL 537Y, 23-JUL-25, ACC  to  JFK, 05:06:26 - 17:54:57,Seat: 45A",5253620000000.0,27-Jul,48539011202017 / (341)727-5300,LP85326067,23-Nov-98,16-Jul-35,5006854,27-Jul,14-Oct-28,2.0,26,0,0,0,0,1.0,High,1
CHRISTIAN HARDIN,"DL 594Y, 13-JUL-25, JFK  to  ACC, 05:11:16 - 16:48:51, Seat: 14F","DL 801Y, 27-JUL-25, ACC  to  SFO, 15:57:13 - 22:42:32,Seat: 35E",2431980000000.0,27-Jul,895-169-6037047 / 328-769-9347,JA46431970,11-Dec-53,3-Mar-33,7197596,27-Jul,30-Apr-30,14.0,28,0,0,0,0,0.0,Normal,0
KELLY YANG,"DL 664Y, 03-JUL-25, JFK  to  ACC, 20:13:42 - 01:02:19, Seat: 34C","DL 316Y, 23-JUL-25, ACC  to  JFK, 04:43:03 - 11:16:31,Seat: 30E",7055630000000.0,27-Jul,(781)390-260500794 / 8060780469,LD52959705,22-Jan-59,26-Jun-32,5138386,27-Jul,14-Dec-27,20.0,33,0,0,0,0,0.0,Normal,0
ROBERT HUGHES,"DL 411Y, 03-JUL-25, JFK  to  ACC, 00:45:34 - 08:36:03, Seat: 30C","DL 656Y, 23-JUL-25, ACC  to  SEA, 22:05:02 - 04:30:12,Seat: 21F",3979370000000.0,27-Jul,009495940288993 / 001-182-475-175370404,JR30156953,12-Jul-06,3-Apr-33,6011790,27-Jul,9-Dec-29,20.0,19,0,0,0,0,0.36,Normal,0
MICHAEL ROTH,"DL 224Y, 13-JUL-25, JFK  to  ACC, 04:22:38 - 13:58:57, Seat: 4B","DL 797Y, 14-JUL-25, ACC  to  ATL, 08:45:04 - 22:43:11,Seat: 49E",2773220000000.0,27-Jul,+1-375-530-42076905 / (159)512-0427,SL12457956,28-Oct-79,7-May-32,4056359,27-Jul,10-Sep-29,1.0,45,0,0,0,0,0.0,Normal,0
KRISTEN WOODS,"DL 945Y, 17-JUL-25, JFK  to  ACC, 18:33:30 - 22:23:55, Seat: 50C","DL 520Y, 03-JUL-25, ACC  to  LAX, 11:18:08 - 14:43:02,Seat: 4F",3896170000000.0,27-Jul,563-054-55380684 / 8914740381,DJ92080679,14-Feb-52,17-Nov-34,6746508,27-Jul,5-Nov-29,14.0,26,0,0,0,0,0.0,Normal,0
DEANNA MARTIN,"DL 328Y, 13-JUL-25, JFK  to  ACC, 01:47:38 - 15:31:11, Seat: 28A","DL 867Y, 26-JUL-25, ACC  to  SFO, 05:15:46 - 20:29:27,Seat: 3A",8579080000000.0,27-Jul,8120344980989 / (458)027-1372,JO97668202,17-Jan-00,27-Nov-32,6228758,27-Jul,18-Feb-28,13.0,25,0,0,0,0,0.0,Normal,0
JEFFREY CARROLL DVM,"DL 197Y, 16-JUL-25, JFK  to  ACC, 03:15:59 - 02:17:03, Seat: 8C","DL 968Y, 15-JUL-25, ACC  to  DTW, 12:53:14 - 21:33:50,Seat: 33C",5706680000000.0,27-Jul,8234980531217 / 021-662-80104307,TZ40605609,24-Sep-84,7-Jul-33,4930158,27-Jul,2-Jun-29,1.0,40,0,0,0,0,0.0,Normal,0
KIMBERLY COLE,"DL 285Y, 11-JUL-25, JFK  to  ACC, 19:23:15 - 10:49:21, Seat: 40E","DL 556Y, 10-JUL-25, ACC  to  AMS, 22:17:13 - 05:18:09,Seat: 20E",1315810000000.0,27-Jul,995-568-30213168 / 775170502377886,HY39222018,3-Feb-75,9-Dec-31,1312341,27-Jul,16-May-29,1.0,50,0,0,0,0,0.4166666666666667,Low,0
LISA MILLER,"DL 666Y, 15-JUL-25, JFK  to  ACC, 03:58:30 - 23:58:22, Seat: 8D","DL 810Y, 10-JUL-25, ACC  to  BOS, 12:52:04 - 08:24:28,Seat: 33A",5940520000000.0,27-Jul,451-909-70918478 / 001-781-182-4909159,NO74324091,7-Mar-90,14-Dec-34,7882071,27-Jul,9-Jul-27,5.0,35,0,0,0,0,0.0,Normal,0
JEFFREY FLORES,"DL 441Y, 22-JUL-25, JFK  to  ACC, 14:23:33 - 15:59:55, Seat: 14A","DL 401Y, 07-JUL-25, ACC  to  ATL, 08:37:31 - 05:42:55,Seat: 31C",4644950000000.0,27-Jul,001-792-237-7446 / 001-516-777-9426,VD74963993,28-Aug-87,9-Jul-35,5791503,27-Jul,13-Apr-27,15.0,37,0,0,0,0,0.0,Normal,0
HEATHER GOMEZ,"DL 699Y, 23-JUL-25, JFK  to  ACC, 10:49:39 - 09:37:39, Seat: 21D","DL 937Y, 03-JUL-25, ACC  to  AMS, 00:17:32 - 20:23:11,Seat: 35D",5484450000000.0,27-Jul,001-803-877-9173030 / 001-815-808-13777082,SO91596106,20-Jun-53,19-Dec-33,7880620,27-Jul,30-Dec-27,20.0,27,0,0,0,0,0.0,Normal,0
JEREMIAH KELLY,"DL 169Y, 02-JUL-25, JFK  to  ACC, 23:51:13 - 07:37:08, Seat: 49C","DL 753Y, 06-JUL-25, ACC  to  BOS, 22:30:38 - 20:17:30,Seat: 33E",2755300000000.0,27-Jul,(337)866-3088 / 001-494-585-3785685,SU75409542,8-Feb-90,28-Apr-33,6579232,27-Jul,28-Feb-30,4.0,35,0,0,0,0,0.0,Normal,0
KATHERINE FERRELL,"DL 595Y, 12-JUL-25, JFK  to  ACC, 05:02:23 - 23:07:32, Seat: 34E",,5773870000000.0,27-Jul,001-879-758-51439814 / 382-442-870179656,BN18971422,10-Jul-98,28-Oct-30,3262765,27-Jul,23-Jul-27,9999.0,27,0,0,0,0,0.6633333333333333,Medium,0
MARK WILSON,"DL 689Y, 05-JUL-25, JFK  to  ACC, 15:42:38 - 11:53:45, Seat: 22E","DL 491Y, 03-JUL-25, ACC  to  SFO, 22:27:41 - 18:38:04,Seat: 16D",9213620000000.0,27-Jul,+1-955-610-06571653 / (165)228-2212,LD71196782,17-Oct-55,10-Jan-35,5900725,27-Jul,8-Sep-29,2.0,30,0,0,0,0,0.9833333333333333,High,1
EDWARD BIRD,"DL 508Y, 20-JUL-25, JFK  to  ACC, 18:47:18 - 22:41:23, Seat: 15D","DL 713Y, 24-JUL-25, ACC  to  MSP, 03:34:43 - 14:40:14,Seat: 13D",4550280000000.0,27-Jul,+1-136-909-5283355 / +1-488-030-45455207,YL85036912,20-Sep-59,30-Mar-35,3020840,27-Jul,2-Apr-29,4.0,34,0,0,0,0,0.0,Normal,0
KRISTIN TURNER,"DL 372Y, 18-JUL-25, JFK  to  ACC, 11:06:04 - 05:04:02, Seat: 29F","DL 757Y, 18-JUL-25, ACC  to  ATL, 23:44:22 - 01:36:30,Seat: 11A",9730940000000.0,27-Jul,626-961-3949786 / 926-363-74996690,IO87618548,19-Jun-82,8-Jan-32,1136317,27-Jul,22-Aug-26,0.0,43,0,0,0,0,0.0,Normal,0
STEPHANIE WILLIAMS,"DL 806Y, 21-JUL-25, JFK  to  ACC, 06:28:11 - 06:31:53, Seat: 41E","DL 781Y, 19-JUL-25, ACC  to  LAX, 04:57:33 - 06:50:59,Seat: 27F",1482390000000.0,27-Jul,8120788209457 / 13878768951208,PI17359899,14-Feb-60,24-Jun-35,8155540,27-Jul,12-Jun-29,2.0,34,0,0,0,0,0.0,Normal,0
JONATHAN WILLIAMSON,"DL 729Y, 07-JUL-25, JFK  to  ACC, 06:41:06 - 08:49:45, Seat: 11E","DL 597Y, 04-JUL-25, ACC  to  SEA, 15:26:01 - 09:15:54,Seat: 33A",2208260000000.0,27-Jul,001-096-119-7539639 / 001-827-983-3530716,WT30045732,2-Feb-97,27-Mar-34,7577723,27-Jul,13-Apr-28,3.0,28,0,0,0,0,1.0,High,1
MS. DEBORAH BROWN,"DL 193Y, 16-JUL-25, JFK  to  ACC, 02:14:42 - 05:30:15, Seat: 35B","DL 249Y, 16-JUL-25, ACC  to  LAX, 04:31:59 - 20:10:06,Seat: 40C",9331840000000.0,27-Jul,(317)735-6597196 / (440)937-6605,HU32090493,12-Nov-60,10-Aug-32,9675287,27-Jul,7-Jul-29,0.0,35,0,0,0,0,0.0,Normal,0
ELIZABETH GREEN,"DL 325Y, 17-JUL-25, JFK  to  ACC, 20:37:22 - 12:27:05, Seat: 44F","DL 730Y, 19-JUL-25, ACC  to  MSP, 06:31:18 - 16:58:38,Seat: 10B",6811900000000.0,27-Jul,+1-436-612-6301 / 23725769032768,KS01223911,24-Sep-83,21-Apr-33,6564373,27-Jul,25-Mar-29,2.0,41,0,0,0,0,0.0,Normal,0
GREGORY RIGGS,"DL 691Y, 23-JUL-25, JFK  to  ACC, 23:57:16 - 12:26:23, Seat: 41F","DL 795Y, 11-JUL-25, ACC  to  DTW, 08:49:13 - 23:41:22,Seat: 38C",4126880000000.0,27-Jul,001-088-208-01017990 / +1-177-139-38632704,OJ29828709,3-Jul-90,17-Dec-34,2338338,27-Jul,8-Mar-30,12.0,35,0,0,0,0,0.0,Normal,0
CHARLES MYERS,"DL 670Y, 12-JUL-25, JFK  to  ACC, 04:18:28 - 22:48:49, Seat: 47C","DL 670Y, 16-JUL-25, ACC  to  CDG, 18:14:04 - 21:43:05,Seat: 50E",6703590000000.0,27-Jul,7000445029 / 2094725323,GM84444422,3-Nov-76,29-Apr-33,4430182,27-Jul,19-Mar-29,4.0,48,0,0,0,0,0.0,Normal,0
VICTOR DANIELS,"DL 516Y, 27-JUL-25, JFK  to  ACC, 02:30:01 - 19:43:12, Seat: 26E","DL 133Y, 26-JUL-25, ACC  to  AMS, 11:35:07 - 15:13:45,Seat: 19D",6106300000000.0,27-Jul,(961)231-593883205 / 442-813-2809,FV32340732,30-Jun-89,13-Dec-31,4312034,27-Jul,30-Jan-27,1.0,36,0,0,0,0,0.0,Normal,0
SANDY JACKSON,"DL 166Y, 13-JUL-25, JFK  to  ACC, 08:33:07 - 12:05:09, Seat: 7A","DL 585Y, 01-JUL-25, ACC  to  JFK, 05:42:09 - 22:07:27,Seat: 16B",6259190000000.0,27-Jul,547-080-2631 / 20492022021251,VF54387400,29-Jul-77,30-Apr-34,5146008,27-Jul,14-Jan-30,12.0,48,0,0,0,0,0.0,Normal,0
MARY MCDANIEL,"DL 950Y, 18-JUL-25, JFK  to  ACC, 15:59:06 - 15:33:34, Seat: 42C",,9542450000000.0,27-Jul,001-059-835-6672487 / 6485999060,SJ99973003,24-Nov-02,12-Oct-34,3614997,27-Jul,11-Jul-29,9999.0,22,0,0,0,0,0.9,High,1
MICHAEL CAMPBELL,"DL 740Y, 21-JUL-25, JFK  to  ACC, 04:56:42 - 14:32:01, Seat: 19B","DL 326Y, 15-JUL-25, ACC  to  MSP, 04:45:02 - 09:26:01,Seat: 32C",1202940000000.0,27-Jul,501-202-2538 / (478)989-6308,EA07180535,8-Aug-79,7-Mar-34,3362433,27-Jul,31-Aug-26,6.0,46,0,0,0,0,0.0,Normal,0
MEGHAN MILLER,"DL 214Y, 10-JUL-25, JFK  to  ACC, 00:42:56 - 16:36:35, Seat: 9C","DL 556Y, 09-JUL-25, ACC  to  JFK, 10:44:04 - 01:01:14,Seat: 4E",9055280000000.0,27-Jul,(673)536-9246 / (741)095-8111,VX18743571,21-Sep-01,16-Nov-32,7995300,27-Jul,16-Feb-30,1.0,23,0,0,0,0,1.0,High,1
CATHERINE CLARK,"DL 587Y, 06-JUL-25, JFK  to  ACC, 20:54:29 - 12:34:39, Seat: 3E",,5750200000000.0,27-Jul,(187)810-2560 / +1-502-358-9541140,VA19136293,28-Dec-87,19-Jan-34,2322732,27-Jul,18-Apr-30,9999.0,37,0,0,0,0,0.55,Low,0
CHELSEA NIXON,"DL 983Y, 04-JUL-25, JFK  to  ACC, 07:44:19 - 01:11:25, Seat: 2D","DL 157Y, 19-JUL-25, ACC  to  JFK, 05:07:33 - 03:59:11,Seat: 40A",1084250000000.0,27-Jul,(905)256-45398826 / 626406451374161,ED30853197,5-Jun-53,17-Aug-34,6026999,27-Jul,24-Dec-27,15.0,27,0,0,0,0,0.0,Normal,0
LAURA JACKSON,"DL 484Y, 25-JUL-25, JFK  to  ACC, 01:29:47 - 08:57:35, Seat: 23B","DL 746Y, 06-JUL-25, ACC  to  BOS, 12:07:31 - 01:31:13,Seat: 38D",6047390000000.0,27-Jul,821-786-999619238 / 679904269832252,GN56329914,19-Sep-83,26-Jun-32,8438737,27-Jul,18-Mar-29,19.0,41,0,0,0,0,0.0,Normal,0
CHAD VINCENT,"DL 728Y, 07-JUL-25, JFK  to  ACC, 07:51:53 - 05:36:21, Seat: 30D","DL 190Y, 02-JUL-25, ACC  to  JFK, 21:08:29 - 04:35:30,Seat: 29E",1545140000000.0,27-Jul,001-903-021-87804783 / 3756825444090,PF31980541,9-Jan-89,28-Dec-33,5782634,27-Jul,17-Jun-30,5.0,36,0,0,0,0,0.0,Normal,0
MARK BROOKS,"DL 891Y, 06-JUL-25, JFK  to  ACC, 06:17:21 - 00:06:34, Seat: 15C","DL 743Y, 24-JUL-25, ACC  to  ATL, 12:42:16 - 07:56:54,Seat: 23C",9692870000000.0,27-Jul,001-429-313-4549483 / (586)849-070663775,LK42246926,13-Nov-64,11-Feb-34,2105939,27-Jul,2-May-30,18.0,39,0,0,0,0,0.0,Normal,0
LISA MEZA,"DL 317Y, 18-JUL-25, JFK  to  ACC, 14:06:02 - 05:08:46, Seat: 1A","DL 582Y, 24-JUL-25, ACC  to  JFK, 00:42:08 - 02:56:28,Seat: 39A",1521020000000.0,27-Jul,+1-097-624-47894924 / 1370982481,HL61777741,15-Mar-98,6-Nov-33,1922578,27-Jul,19-Sep-29,6.0,27,0,0,0,0,0.0,Normal,0
TAYLOR HOWARD,"DL 641Y, 09-JUL-25, JFK  to  ACC, 23:48:02 - 20:23:35, Seat: 35F","DL 559Y, 10-JUL-25, ACC  to  JFK, 04:27:43 - 02:03:40,Seat: 6C",4069750000000.0,27-Jul,937-939-17743979 / 4855025789,YG67878918,17-Nov-87,22-Jul-35,8122331,27-Jul,31-Jan-29,1.0,37,0,0,0,0,0.0,Normal,0
LORI HOLMES,"DL 243Y, 08-JUL-25, JFK  to  ACC, 03:04:18 - 20:15:54, Seat: 15F","DL 460Y, 22-JUL-25, ACC  to  DTW, 07:08:38 - 03:13:26,Seat: 27C",2009740000000.0,27-Jul,9678610596 / +1-140-696-9440,CK61967638,21-Nov-57,2-Jul-33,4685571,27-Jul,17-Oct-27,14.0,32,0,0,0,0,0.0,Normal,0
DAWN SHAW,"DL 666Y, 11-JUL-25, JFK  to  ACC, 08:33:08 - 21:58:50, Seat: 17F","DL 124Y, 23-JUL-25, ACC  to  MSP, 00:13:39 - 10:44:19,Seat: 40C",6701800000000.0,27-Jul,2641536366880 / 106-621-4039,DA60306764,13-Nov-50,1-Jul-33,5996006,27-Jul,25-Apr-28,12.0,25,0,0,0,0,0.0,Normal,0
HEIDI JONES,"DL 382Y, 04-JUL-25, JFK  to  ACC, 08:53:06 - 00:04:42, Seat: 14A","DL 522Y, 12-JUL-25, ACC  to  DTW, 14:50:08 - 23:57:07,Seat: 49D",9500760000000.0,27-Jul,402-977-3657 / 195-664-6571,EG57757497,22-Apr-97,27-Sep-32,2580141,27-Jul,12-Sep-26,8.0,28,0,0,0,0,0.0,Normal,0
CARRIE HARRIS,"DL 270Y, 22-JUL-25, JFK  to  ACC, 20:50:19 - 07:38:51, Seat: 42A","DL 128Y, 08-JUL-25, ACC  to  CDG, 07:44:00 - 15:05:40,Seat: 2D",9894610000000.0,27-Jul,721-079-0897367 / 701-598-5967,SG06667975,9-Aug-04,12-May-31,9266972,27-Jul,23-Mar-27,14.0,21,0,0,0,0,0.0,Normal,0
KEITH CORTEZ,"DL 191Y, 19-JUL-25, JFK  to  ACC, 15:04:02 - 06:15:46, Seat: 49C","DL 447Y, 22-JUL-25, ACC  to  SFO, 02:04:12 - 17:05:18,Seat: 44F",8865360000000.0,27-Jul,3863278533 / 97894405465156,KD07062440,24-May-51,16-Aug-32,4523920,27-Jul,13-May-30,3.0,25,0,0,0,0,0.9966666666666667,High,1
JESSICA ANDREWS,"DL 490Y, 02-JUL-25, JFK  to  ACC, 07:42:24 - 08:26:04, Seat: 1B","DL 765Y, 18-JUL-25, ACC  to  DTW, 15:49:14 - 08:59:51,Seat: 15B",8359330000000.0,27-Jul,001-836-048-4431808 / +1-023-277-51628294,AX77019366,14-Dec-66,18-Mar-34,5464292,27-Jul,1-Aug-27,16.0,41,0,0,0,0,0.0,Normal,0
AMY SOTO,"DL 357Y, 16-JUL-25, JFK  to  ACC, 05:36:08 - 17:06:51, Seat: 12B","DL 180Y, 20-JUL-25, ACC  to  DTW, 05:42:14 - 02:10:22,Seat: 44B",4813220000000.0,27-Jul,001-842-698-6770 / +1-374-529-88403387,HJ69527192,23-Jun-67,23-Nov-32,8529702,27-Jul,30-Mar-28,4.0,41,0,0,0,0,0.0,Normal,0
KRISTINA GUZMAN,"DL 483Y, 24-JUL-25, JFK  to  ACC, 21:28:23 - 14:34:47, Seat: 32B","DL 579Y, 19-JUL-25, ACC  to  DTW, 19:15:22 - 02:21:29,Seat: 31D",7391460000000.0,27-Jul,008402415800723 / (427)700-6063,GW75542282,2-Oct-89,23-Apr-34,8798917,27-Jul,4-Nov-27,5.0,35,0,0,0,0,0.0,Normal,0
SHELIA WILLIAMS,"DL 743Y, 10-JUL-25, JFK  to  ACC, 12:03:13 - 04:38:20, Seat: 26B","DL 154Y, 17-JUL-25, ACC  to  MSP, 02:41:58 - 03:28:35,Seat: 18D",4041710000000.0,27-Jul,+1-824-927-59174426 / 9329076779,XL91469380,12-Mar-88,15-Oct-34,6953430,27-Jul,4-Feb-28,7.0,37,0,0,0,0,0.0,Normal,0
MR. STEPHEN TURNER,"DL 874Y, 18-JUL-25, JFK  to  ACC, 11:33:10 - 13:07:37, Seat: 4F","DL 396Y, 23-JUL-25, ACC  to  CDG, 22:05:10 - 11:25:47,Seat: 43B",2026400000000.0,27-Jul,001-264-365-586646613 / (263)652-7001041,PN93697256,13-Aug-56,27-Aug-31,1059455,27-Jul,16-Sep-29,5.0,30,0,0,0,0,0.0,Normal,0
RYAN TURNER,"DL 936Y, 22-JUL-25, JFK  to  ACC, 21:00:59 - 22:52:25, Seat: 33E","DL 794Y, 09-JUL-25, ACC  to  SFO, 02:40:00 - 10:02:11,Seat: 48C",3376150000000.0,27-Jul,001-622-333-6071002 / 3856465681096,XT23383457,2-Jul-96,7-Jul-34,2937754,27-Jul,6-Apr-30,13.0,29,0,0,0,0,0.0,Normal,0
VANESSA WOOD,"DL 521Y, 25-JUL-25, JFK  to  ACC, 21:06:02 - 21:12:02, Seat: 28C","DL 171Y, 05-JUL-25, ACC  to  MSP, 13:49:37 - 03:08:08,Seat: 16E",1170060000000.0,27-Jul,7581803241 / +1-788-669-4757520,MA39900992,19-Feb-73,31-Dec-33,6697621,27-Jul,24-Feb-29,20.0,47,0,0,0,0,0.0,Normal,0
ELIZABETH BAILEY,"DL 272Y, 20-JUL-25, JFK  to  ACC, 09:13:40 - 20:46:45, Seat: 23A","DL 668Y, 23-JUL-25, ACC  to  DTW, 18:44:52 - 21:42:13,Seat: 44D",8720960000000.0,27-Jul,001-501-246-26573520 / 033-139-0662710,YB19115599,30-Dec-96,24-Apr-35,4865094,27-Jul,10-Jun-30,3.0,28,0,0,0,0,1.0,High,1
NICOLE HANSEN,"DL 446Y, 06-JUL-25, JFK  to  ACC, 13:43:56 - 06:35:36, Seat: 15B","DL 586Y, 27-JUL-25, ACC  to  ATL, 05:16:15 - 04:28:06,Seat: 39D",3853110000000.0,27-Jul,+1-225-768-057724119 / 001-580-318-035475770,ZX87598076,10-Apr-04,8-Feb-32,4947269,27-Jul,17-Jun-30,21.0,21,0,0,0,0,0.27666666666666667,Normal,0
CHERYL SULLIVAN,"DL 656Y, 08-JUL-25, JFK  to  ACC, 18:32:51 - 12:29:38, Seat: 13D","DL 648Y, 08-JUL-25, ACC  to  SEA, 08:23:32 - 03:37:38,Seat: 29E",1830410000000.0,27-Jul,6584877720401 / 090-456-43162085,JD10318283,3-Mar-59,1-Mar-32,2320836,27-Jul,4-Aug-26,0.0,33,0,0,0,0,0.0,Normal,0
AARON NGUYEN,"DL 386Y, 09-JUL-25, JFK  to  ACC, 16:36:55 - 01:28:51, Seat: 33C","DL 797Y, 01-JUL-25, ACC  to  SFO, 17:17:56 - 18:35:04,Seat: 21B",9555980000000.0,27-Jul,001-756-020-2380278 / 6927394545,ZR67543892,11-Aug-90,26-Mar-32,2300270,27-Jul,2-Dec-27,8.0,35,0,0,0,0,0.0,Normal,0
HEATHER GLASS,"DL 606Y, 03-JUL-25, JFK  to  ACC, 06:42:37 - 13:02:46, Seat: 48F","DL 842Y, 20-JUL-25, ACC  to  LAX, 18:42:32 - 08:47:19,Seat: 3D",5813080000000.0,27-Jul,+1-332-586-892124213 / 001-655-163-73010090,JG35949265,1-Sep-80,7-Apr-35,8110622,27-Jul,22-May-27,17.0,44,0,0,0,0,0.0,Normal,0
RYAN GARCIA,"DL 473Y, 13-JUL-25, JFK  to  ACC, 20:03:56 - 11:23:59, Seat: 47D","DL 469Y, 10-JUL-25, ACC  to  JFK, 12:43:25 - 18:21:12,Seat: 3F",1362150000000.0,27-Jul,+1-082-074-1694 / (170)313-2776111,LQ08432400,6-Nov-56,27-Aug-30,3219101,27-Jul,18-May-30,3.0,31,0,0,0,0,0.0,Normal,0
PAMELA ROSS,"DL 681Y, 01-JUL-25, JFK  to  ACC, 19:10:59 - 03:18:52, Seat: 25F","DL 385Y, 01-JUL-25, ACC  to  JFK, 17:53:57 - 13:48:19,Seat: 30E",2506220000000.0,27-Jul,001-799-160-2758400 / 9082629391050,SO06936166,22-Dec-50,10-Jan-31,3921009,27-Jul,5-Mar-29,0.0,25,0,0,0,0,1.0,High,1
GARY GIBSON,"DL 570Y, 02-JUL-25, JFK  to  ACC, 07:21:32 - 20:22:32, Seat: 28F","DL 114Y, 02-JUL-25, ACC  to  MSP, 19:09:05 - 06:22:48,Seat: 12A",3116710000000.0,27-Jul,768-442-6823932 / (913)633-9483,GO56521572,28-Mar-97,25-Apr-33,1565780,27-Jul,7-Mar-28,0.0,28,0,0,0,0,1.0,High,1
JASON WIGGINS,"DL 394Y, 22-JUL-25, JFK  to  ACC, 07:23:21 - 04:00:52, Seat: 39C","DL 183Y, 04-JUL-25, ACC  to  LAX, 11:50:51 - 11:10:28,Seat: 24F",9587420000000.0,27-Jul,001-121-634-0070748 / 8880900582,VY13621753,21-Sep-87,9-Aug-34,3127984,27-Jul,9-Jul-30,18.0,37,0,0,0,0,0.0,Normal,0
CORY EATON,"DL 905Y, 23-JUL-25, JFK  to  ACC, 06:30:12 - 09:19:48, Seat: 25B","DL 970Y, 12-JUL-25, ACC  to  MSP, 22:52:45 - 16:57:00,Seat: 44E",2415940000000.0,27-Jul,(800)621-705302527 / (515)340-18217856,TO70201659,16-Nov-86,16-Feb-33,2630518,27-Jul,30-Jan-29,11.0,38,0,0,0,0,0.0,Normal,0
AARON BURTON,"DL 804Y, 01-JUL-25, JFK  to  ACC, 21:53:07 - 05:50:30, Seat: 40A","DL 222Y, 09-JUL-25, ACC  to  CDG, 19:54:13 - 01:42:12,Seat: 32E",7540330000000.0,27-Jul,753-496-40791905 / 001-386-962-5351,FO82309181,22-Sep-79,19-Feb-34,3296564,27-Jul,27-Apr-28,8.0,45,0,0,0,0,0.0,Normal,0
CHRISTOPHER VALDEZ,"DL 151Y, 08-JUL-25, JFK  to  ACC, 23:06:46 - 05:58:25, Seat: 44C",,1234610000000.0,27-Jul,434-078-97251130 / (345)111-2213,TJ70798473,25-Mar-95,16-Jan-35,8222819,27-Jul,23-Nov-27,9999.0,30,0,0,0,0,0.43666666666666665,Low,0
TIMOTHY OLIVER,"DL 982Y, 19-JUL-25, JFK  to  ACC, 07:31:55 - 06:53:40, Seat: 1C","DL 579Y, 12-JUL-25, ACC  to  MSP, 19:42:00 - 16:09:58,Seat: 27A",9967500000000.0,27-Jul,001-007-566-0177 / 001-229-416-046107587,XY47881822,26-Jul-61,6-Aug-31,9026419,27-Jul,12-Feb-29,7.0,35,0,0,0,0,0.0,Normal,0
MEREDITH CRUZ,"DL 818Y, 27-JUL-25, JFK  to  ACC, 05:53:19 - 08:34:07, Seat: 27B","DL 530Y, 11-JUL-25, ACC  to  MSP, 10:28:40 - 07:21:35,Seat: 4C",2158210000000.0,27-Jul,(554)745-0050 / (192)055-7988459,KU85894375,9-Jan-77,10-May-33,1230623,27-Jul,18-Apr-28,16.0,48,0,0,0,0,0.0,Normal,0
ROBERT HUNT,"DL 935Y, 12-JUL-25, JFK  to  ACC, 17:38:23 - 01:30:58, Seat: 5A","DL 666Y, 22-JUL-25, ACC  to  JFK, 14:09:52 - 02:53:20,Seat: 30B",8505080000000.0,27-Jul,134048054950336 / (826)575-2158,CA18014174,15-Jan-85,24-Apr-34,8825409,27-Jul,1-Jan-27,10.0,40,0,0,0,0,0.0,Normal,0
EMMA STONE,"DL 381Y, 05-JUL-25, JFK  to  ACC, 05:34:16 - 19:14:09, Seat: 19F","DL 355Y, 26-JUL-25, ACC  to  CDG, 18:27:49 - 04:06:07,Seat: 17F",3634520000000.0,27-Jul,605862405318899 / +1-407-737-046566474,HG48752728,5-Aug-97,14-Mar-35,8767121,27-Jul,27-May-28,21.0,28,0,0,0,0,0.0,Normal,0
HANNAH GRAHAM,"DL 998Y, 19-JUL-25, JFK  to  ACC, 17:52:16 - 19:13:07, Seat: 6B","DL 633Y, 06-JUL-25, ACC  to  CDG, 21:01:02 - 23:20:53,Seat: 24C",6348640000000.0,27-Jul,292-550-0386 / 743-754-8852282,RC67172994,13-Feb-05,28-Apr-35,3453545,27-Jul,28-Jan-28,13.0,20,0,0,0,0,0.0,Normal,0
HANNAH SPARKS,"DL 636Y, 24-JUL-25, JFK  to  ACC, 05:02:01 - 23:49:39, Seat: 25B","DL 967Y, 18-JUL-25, ACC  to  JFK, 13:04:29 - 15:31:37,Seat: 9D",4918820000000.0,27-Jul,001-200-440-7909 / (344)588-9654006,AI53911690,2-Jul-59,15-Sep-32,4362724,27-Jul,14-Mar-27,6.0,33,0,0,0,0,0.0,Normal,0
TARA KELLEY,"DL 719Y, 20-JUL-25, JFK  to  ACC, 07:23:41 - 07:02:45, Seat: 29E","DL 386Y, 20-JUL-25, ACC  to  CDG, 12:37:11 - 04:56:31,Seat: 6D",5999600000000.0,27-Jul,812057900344324 / +1-563-113-3628462,BA58361595,25-Jan-88,16-Sep-33,1583009,27-Jul,18-Feb-29,0.0,37,0,0,0,0,0.0,Normal,0
MICHAEL CAIN,"DL 251Y, 27-JUL-25, JFK  to  ACC, 08:49:05 - 07:27:10, Seat: 10D","DL 443Y, 26-JUL-25, ACC  to  ATL, 17:22:10 - 18:06:13,Seat: 27D",8882420000000.0,27-Jul,+1-822-652-8565 / 001-326-024-8963829,NX63580607,21-Mar-50,6-Dec-34,3477709,27-Jul,8-Oct-29,1.0,24,0,0,0,0,1.0,High,1
DANIELLE JONES,"DL 669Y, 21-JUL-25, JFK  to  ACC, 23:20:25 - 12:18:24, Seat: 26A",,9375860000000.0,27-Jul,240-749-9043 / (585)255-0851,QU98875547,8-Feb-92,4-Jun-33,7795884,27-Jul,28-Oct-26,9999.0,33,0,0,0,0,0.5933333333333334,Low,0
NICHOLAS CHAVEZ,"DL 518Y, 02-JUL-25, JFK  to  ACC, 17:18:04 - 05:42:02, Seat: 24F","DL 664Y, 25-JUL-25, ACC  to  SEA, 05:36:42 - 00:29:28,Seat: 45A",9246030000000.0,27-Jul,019-520-37199466 / 690-070-1310,NO09346481,15-Jul-59,7-Aug-34,4486088,27-Jul,2-Oct-28,23.0,33,0,0,0,0,0.006666666666666667,Normal,0
JAIME SOSA,"DL 757Y, 11-JUL-25, JFK  to  ACC, 16:51:23 - 15:14:22, Seat: 34A","DL 181Y, 14-JUL-25, ACC  to  AMS, 07:19:47 - 20:51:23,Seat: 37E",9077440000000.0,27-Jul,+1-832-292-4086960 / +1-701-439-09799426,AT27360045,10-Dec-72,1-Feb-32,1424183,27-Jul,31-Aug-28,3.0,47,0,0,0,0,0.0,Normal,0
VALERIE BROWN,"DL 111Y, 22-JUL-25, JFK  to  ACC, 08:11:55 - 21:16:57, Seat: 8A","DL 951Y, 04-JUL-25, ACC  to  JFK, 18:20:41 - 10:14:13,Seat: 18A",5519890000000.0,27-Jul,(765)140-1189 / (592)220-11417232,WP38744628,31-Aug-92,21-Feb-34,4134904,27-Jul,15-Nov-27,18.0,32,0,0,0,0,0.0,Normal,0
WILLIAM JONES,"DL 727Y, 01-JUL-25, JFK  to  ACC, 16:02:40 - 10:13:40, Seat: 8F","DL 857Y, 14-JUL-25, ACC  to  SFO, 17:51:39 - 20:57:24,Seat: 15B",7883080000000.0,27-Jul,(029)911-1895 / +1-240-708-584670293,IF57163704,12-Dec-63,17-Sep-31,9448145,27-Jul,2-May-27,13.0,38,0,0,0,0,0.0,Normal,0
MARGARET COLLINS,"DL 863Y, 04-JUL-25, JFK  to  ACC, 03:20:34 - 02:42:55, Seat: 43B","DL 602Y, 15-JUL-25, ACC  to  DTW, 14:30:12 - 07:42:58,Seat: 28D",9482580000000.0,27-Jul,001-150-543-11268906 / (295)497-511813392,GU28198173,17-Jun-84,8-Feb-32,2450668,27-Jul,13-Jun-29,11.0,41,0,0,0,0,0.0,Normal,0
DENNIS ROBINSON,"DL 738Y, 16-JUL-25, JFK  to  ACC, 07:17:23 - 02:02:27, Seat: 18E","DL 370Y, 03-JUL-25, ACC  to  SFO, 18:04:25 - 04:07:01,Seat: 16E",6034870000000.0,27-Jul,2887875042 / 160-885-4967,FH36972859,29-May-50,19-Jan-33,4724965,27-Jul,9-Jul-30,13.0,24,0,0,0,0,0.0,Normal,0
CONNIE DAVIS,"DL 936Y, 21-JUL-25, JFK  to  ACC, 12:30:17 - 06:05:34, Seat: 48F","DL 898Y, 08-JUL-25, ACC  to  MSP, 18:26:26 - 14:29:59,Seat: 41F",7518590000000.0,27-Jul,(753)959-9845 / 001-999-010-7526,FO75577697,11-May-52,5-Jan-33,9123596,27-Jul,2-Jan-30,13.0,26,0,0,0,0,0.0,Normal,0
SUZANNE DANIELS,"DL 352Y, 01-JUL-25, JFK  to  ACC, 03:24:49 - 21:43:35, Seat: 37A","DL 208Y, 27-JUL-25, ACC  to  ATL, 04:42:07 - 19:54:13,Seat: 22E",4611940000000.0,27-Jul,8117420245 / (505)750-126033744,PH83181526,1-Jun-86,27-Oct-31,8787031,27-Jul,26-Aug-29,26.0,39,0,0,0,0,0.8233333333333334,High,1
BARBARA PATEL,"DL 391Y, 11-JUL-25, JFK  to  ACC, 13:43:36 - 23:45:19, Seat: 23D","DL 408Y, 27-JUL-25, ACC  to  MSP, 10:44:52 - 15:02:53,Seat: 42B",3262760000000.0,27-Jul,(916)956-0343 / 8201935610,UP06268679,12-Sep-84,2-Dec-34,7565219,27-Jul,11-Apr-27,16.0,40,0,0,0,0,0.0,Normal,0
JAY LI,"DL 714Y, 07-JUL-25, JFK  to  ACC, 16:49:21 - 01:56:48, Seat: 24B","DL 118Y, 24-JUL-25, ACC  to  SEA, 11:41:41 - 07:40:34,Seat: 44A",7662850000000.0,27-Jul,4663106140 / +1-230-086-006396382,QZ51033381,27-Dec-06,16-Nov-30,6262812,27-Jul,13-Dec-27,17.0,18,0,0,0,0,0.9733333333333334,High,1
CHARLES MORSE,"DL 326Y, 23-JUL-25, JFK  to  ACC, 21:23:50 - 01:00:17, Seat: 36F","DL 153Y, 01-JUL-25, ACC  to  DTW, 15:54:15 - 00:49:37,Seat: 31A",4096210000000.0,27-Jul,001-764-414-1219643 / 48118615344693,OX71002521,6-Feb-95,25-Jan-31,4262297,27-Jul,23-Dec-29,22.0,30,0,0,0,0,0.0033333333333333335,Normal,0
SUSAN POLLARD,"DL 715Y, 02-JUL-25, JFK  to  ACC, 00:20:39 - 07:38:46, Seat: 2C","DL 555Y, 27-JUL-25, ACC  to  DTW, 03:47:47 - 15:54:29,Seat: 8D",7569100000000.0,27-Jul,8205912147 / (949)136-3268,XE96085251,14-Jan-89,28-Oct-30,3519839,27-Jul,4-Sep-29,25.0,36,0,0,0,0,0.8533333333333334,High,1
RUSSELL BRADSHAW MD,"DL 534Y, 06-JUL-25, JFK  to  ACC, 14:36:31 - 16:15:29, Seat: 37D","DL 404Y, 05-JUL-25, ACC  to  JFK, 14:09:20 - 23:08:00,Seat: 24D",3471820000000.0,27-Jul,5368188089847 / 9557867091,VF90793765,15-Jul-83,27-Nov-31,2722643,27-Jul,20-Feb-28,1.0,42,0,0,0,0,0.0,Normal,0
ASHLEY JONES,"DL 880Y, 26-JUL-25, JFK  to  ACC, 05:40:40 - 00:19:08, Seat: 22A","DL 571Y, 19-JUL-25, ACC  to  JFK, 12:59:27 - 18:13:34,Seat: 38B",4874260000000.0,27-Jul,040057304169156 / +1-606-252-6824354,CS76662876,27-Feb-67,31-Jan-32,3898456,27-Jul,25-Apr-29,7.0,41,0,0,0,0,0.0,Normal,0
NICOLE HODGES,"DL 228Y, 04-JUL-25, JFK  to  ACC, 09:50:30 - 21:17:50, Seat: 7F",,1659120000000.0,27-Jul,989-227-327485634 / 708364637162757,AE22302035,9-Jul-65,16-Jun-33,5439882,27-Jul,10-Jul-28,9999.0,39,0,0,0,0,0.5333333333333333,Low,0
DIAMOND ALVAREZ,"DL 901Y, 17-JUL-25, JFK  to  ACC, 13:49:55 - 12:38:56, Seat: 8E","DL 305Y, 01-JUL-25, ACC  to  AMS, 08:53:53 - 10:34:21,Seat: 17B",1172930000000.0,27-Jul,(888)831-7661 / 5860599102,UX06814781,6-Sep-02,4-Sep-34,5269760,27-Jul,4-Mar-29,16.0,22,0,0,0,0,0.0033333333333333335,Normal,0
KELLY YODER,"DL 817Y, 08-JUL-25, JFK  to  ACC, 18:46:50 - 13:28:11, Seat: 7A","DL 627Y, 25-JUL-25, ACC  to  LAX, 00:09:57 - 09:28:04,Seat: 6C",6276340000000.0,27-Jul,449617077647153 / (679)911-2164,FM32333869,15-Mar-77,20-May-35,5737994,27-Jul,4-Jul-29,17.0,48,0,0,0,0,0.0,Normal,0
JOHN NICHOLSON,"DL 641Y, 09-JUL-25, JFK  to  ACC, 17:39:35 - 22:27:12, Seat: 41F","DL 175Y, 06-JUL-25, ACC  to  AMS, 17:11:23 - 18:21:23,Seat: 13A",9977470000000.0,27-Jul,(651)224-0727904 / 1980975769,TE30100254,29-Dec-64,4-Apr-33,6762963,27-Jul,4-Apr-29,3.0,39,0,0,0,0,0.0022616233254531127,Normal,0
DEBORAH CUMMINGS,"DL 442Y, 25-JUL-25, JFK  to  ACC, 07:30:29 - 04:09:23, Seat: 32A",,2722460000000.0,27-Jul,4420779173 / (379)883-77483352,UN66278223,16-Aug-03,7-Jun-31,4562586,27-Jul,6-Mar-27,9999.0,22,0,0,0,0,0.9,High,1
MS. JENNIFER PRUITT MD,"DL 565Y, 20-JUL-25, JFK  to  ACC, 09:38:34 - 00:47:55, Seat: 15F","DL 836Y, 10-JUL-25, ACC  to  SEA, 17:11:09 - 09:16:47,Seat: 2D",2454250000000.0,27-Jul,+1-261-200-2683830 / 001-720-727-5651,TX70406658,26-Mar-81,28-May-33,2964771,27-Jul,9-Jan-30,10.0,44,0,0,0,0,0.0,Normal,0
BETH SMITH,"DL 197Y, 08-JUL-25, JFK  to  ACC, 10:27:00 - 06:41:57, Seat: 25D","DL 893Y, 24-JUL-25, ACC  to  SEA, 02:36:18 - 12:31:10,Seat: 14C",5632440000000.0,27-Jul,001-217-035-951259255 / 001-619-764-69850945,VT58200887,26-Sep-99,17-Jan-33,1470573,27-Jul,4-Aug-27,16.0,25,0,0,0,0,0.0,Normal,0
SHARON MORALES,"DL 210Y, 11-JUL-25, JFK  to  ACC, 06:58:15 - 15:23:53, Seat: 26A","DL 621Y, 21-JUL-25, ACC  to  AMS, 23:53:57 - 19:47:51,Seat: 15E",8942910000000.0,27-Jul,001-270-445-3681 / +1-498-408-6606501,MP60852143,28-Dec-62,16-Sep-31,3837157,27-Jul,11-Apr-29,10.0,37,0,0,0,0,0.0,Normal,0
PRISCILLA FIELDS,"DL 360Y, 03-JUL-25, JFK  to  ACC, 10:21:16 - 05:12:40, Seat: 35C","DL 522Y, 06-JUL-25, ACC  to  ATL, 02:42:20 - 12:46:19,Seat: 33B",2111430000000.0,27-Jul,001-169-946-4805329 / 6749417236917,LD82176124,20-Apr-58,3-Jan-32,3958611,27-Jul,29-Feb-28,3.0,32,0,0,0,0,0.0,Normal,0
TIMOTHY RICHARDSON,"DL 420Y, 19-JUL-25, JFK  to  ACC, 06:24:51 - 21:50:48, Seat: 18D","DL 116Y, 17-JUL-25, ACC  to  JFK, 05:28:11 - 22:19:14,Seat: 1E",8825920000000.0,27-Jul,(985)058-9919793 / 35404177125666,XJ82684111,21-Jul-76,9-Sep-34,8805312,27-Jul,7-Nov-27,2.0,49,0,0,0,0,0.006666666666666667,Normal,0
SUSAN GARCIA DDS,"DL 304Y, 05-JUL-25, JFK  to  ACC, 17:58:47 - 15:35:31, Seat: 40C","DL 885Y, 25-JUL-25, ACC  to  CDG, 13:02:12 - 08:33:16,Seat: 30A",6391400000000.0,27-Jul,(794)474-6919 / (203)354-6006,HW24393836,8-Sep-56,23-Feb-32,2966022,27-Jul,25-Jul-30,20.0,31,0,0,0,0,0.0,Normal,0
RACHEL JOHNSON DDS,"DL 224Y, 10-JUL-25, JFK  to  ACC, 15:47:33 - 11:47:48, Seat: 10C","DL 467Y, 07-JUL-25, ACC  to  CDG, 11:38:54 - 04:17:06,Seat: 18F",4015960000000.0,27-Jul,(918)466-23788814 / 1837588394,UQ98545600,5-Mar-84,1-Nov-34,3056708,27-Jul,23-Nov-28,3.0,41,0,0,0,0,0.0,Normal,0
DEBRA DURAN,"DL 514Y, 07-JUL-25, JFK  to  ACC, 20:45:36 - 01:01:34, Seat: 5C","DL 104Y, 06-JUL-25, ACC  to  LAX, 01:22:00 - 02:49:34,Seat: 9F",7020510000000.0,27-Jul,2292091671991 / +1-053-755-260400421,AO59377954,30-May-01,9-Jun-34,2920201,27-Jul,22-Apr-27,1.0,24,0,0,0,0,1.0,High,1
TONYA GARNER,"DL 591Y, 19-JUL-25, JFK  to  ACC, 08:56:01 - 10:10:29, Seat: 23A","DL 714Y, 18-JUL-25, ACC  to  SFO, 12:58:12 - 18:57:18,Seat: 29F",6365320000000.0,27-Jul,3355314404 / (090)248-238668344,EJ57059300,1-Oct-49,22-Nov-31,5583899,27-Jul,29-May-29,1.0,24,0,0,0,0,1.0,High,1
JOHN WHITE,"DL 199Y, 02-JUL-25, JFK  to  ACC, 17:15:29 - 02:27:05, Seat: 23F","DL 320Y, 14-JUL-25, ACC  to  SFO, 15:37:23 - 06:07:42,Seat: 21A",9666990000000.0,27-Jul,871-061-63383195 / (535)127-3484886,EC88311319,23-Oct-56,19-Aug-32,7490702,27-Jul,15-Apr-28,12.0,31,0,0,0,0,0.0,Normal,0
WAYNE ADAMS,"DL 457Y, 10-JUL-25, JFK  to  ACC, 15:13:04 - 05:56:42, Seat: 37F","DL 110Y, 25-JUL-25, ACC  to  AMS, 14:59:36 - 12:55:14,Seat: 39D",4909510000000.0,27-Jul,001-940-995-089734339 / 831-994-1252396,YG11375757,11-Jul-06,16-Mar-33,2666344,27-Jul,8-Mar-28,15.0,19,0,0,0,0,0.01,Normal,0
BRIAN JOHNSON MD,"DL 137Y, 06-JUL-25, JFK  to  ACC, 08:41:31 - 06:38:36, Seat: 26F","DL 321Y, 08-JUL-25, ACC  to  DTW, 04:28:59 - 15:19:52,Seat: 18A",7612580000000.0,27-Jul,795-351-1068 / 001-421-801-6251,OF44762649,20-Jul-52,4-Oct-30,7725498,27-Jul,22-Oct-29,2.0,26,0,0,0,0,1.0,High,1
MICHAEL BURKE,"DL 241Y, 03-JUL-25, JFK  to  ACC, 16:25:07 - 13:23:26, Seat: 41E","DL 435Y, 23-JUL-25, ACC  to  DTW, 04:00:08 - 04:21:37,Seat: 7F",5128170000000.0,27-Jul,001-460-654-8318958 / (199)221-3019060,UW77863233,30-Jan-93,12-Aug-32,7041555,27-Jul,25-Apr-28,20.0,32,0,0,0,0,0.0,Normal,0
ROBIN GARCIA,"DL 311Y, 02-JUL-25, JFK  to  ACC, 07:26:02 - 13:38:33, Seat: 32D","DL 979Y, 14-JUL-25, ACC  to  BOS, 01:45:33 - 23:36:34,Seat: 17C",2081770000000.0,27-Jul,+1-252-170-6511779 / 500-887-4261,CF05901817,9-Oct-88,9-Nov-33,7378741,27-Jul,18-Feb-29,12.0,36,0,0,0,0,0.0,Normal,0
JOCELYN CHANG,"DL 187Y, 10-JUL-25, JFK  to  ACC, 15:49:09 - 23:17:26, Seat: 23D","DL 714Y, 22-JUL-25, ACC  to  AMS, 09:26:23 - 23:38:41,Seat: 24A",1717000000000.0,27-Jul,198-183-6733 / (980)487-8408067,TZ49903992,4-Jun-84,16-Jan-35,5510364,27-Jul,11-Mar-29,12.0,41,0,0,0,0,0.0,Normal,0
TIMOTHY LOWE,"DL 985Y, 11-JUL-25, JFK  to  ACC, 15:24:44 - 05:35:57, Seat: 4A","DL 518Y, 06-JUL-25, ACC  to  BOS, 22:40:56 - 19:33:46,Seat: 36B",2055600000000.0,27-Jul,001-001-995-58021791 / 001-586-110-95293204,IC66383477,25-Mar-63,2-Aug-33,8844273,27-Jul,23-Feb-27,5.0,37,0,0,0,0,0.0,Normal,0
LONNIE STEWART,"DL 207Y, 11-JUL-25, JFK  to  ACC, 17:39:31 - 13:21:57, Seat: 21E","DL 397Y, 03-JUL-25, ACC  to  CDG, 23:37:23 - 23:50:33,Seat: 44E",6984340000000.0,27-Jul,(312)521-1584 / +1-461-343-6505594,BT84617076,8-Apr-85,27-Jul-35,8152400,27-Jul,24-Oct-29,8.0,40,0,0,0,0,0.0,Normal,0
ANDREW SCHMIDT,"DL 342Y, 14-JUL-25, JFK  to  ACC, 23:34:18 - 15:26:16, Seat: 33A",,8876630000000.0,27-Jul,6183473017 / 7076428698,JN00112161,6-Mar-06,22-Aug-30,8393469,27-Jul,25-Feb-28,9999.0,19,0,0,0,0,0.91,High,1
JEFFERY GONZALES,"DL 557Y, 14-JUL-25, JFK  to  ACC, 17:06:28 - 06:13:40, Seat: 38E","DL 746Y, 06-JUL-25, ACC  to  SEA, 05:16:17 - 14:07:12,Seat: 2B",9682850000000.0,27-Jul,(810)611-1023 / 001-255-288-085408670,EW18344298,25-Dec-56,9-Dec-31,8597401,27-Jul,27-Jul-27,8.0,31,0,0,0,0,0.0,Normal,0
STEVEN GARCIA,"DL 932Y, 03-JUL-25, JFK  to  ACC, 10:15:04 - 00:25:04, Seat: 16A","DL 358Y, 02-JUL-25, ACC  to  LAX, 18:28:06 - 20:17:57,Seat: 38F",6061030000000.0,27-Jul,+1-948-063-3699125 / (809)309-3188927,VC63498906,18-Oct-70,2-Dec-32,1662901,27-Jul,2-Apr-27,1.0,45,0,0,0,0,0.0,Normal,0
JAMES CUNNINGHAM,"DL 703Y, 24-JUL-25, JFK  to  ACC, 01:50:21 - 05:41:36, Seat: 34E","DL 789Y, 11-JUL-25, ACC  to  CDG, 12:47:01 - 21:34:21,Seat: 9C",8084600000000.0,27-Jul,(833)747-7096 / (589)981-249352573,QU97697084,13-Aug-86,7-Dec-31,1046169,27-Jul,21-Feb-29,13.0,39,0,0,0,0,0.0,Normal,0
CAROL MORRIS,"DL 197Y, 24-JUL-25, JFK  to  ACC, 07:30:17 - 04:43:24, Seat: 25E","DL 534Y, 17-JUL-25, ACC  to  JFK, 15:31:17 - 04:01:36,Seat: 26B",2129030000000.0,27-Jul,+1-894-492-709600460 / (976)888-95046443,PM50919730,28-Mar-77,18-Aug-31,9294610,27-Jul,15-Sep-26,7.0,48,0,0,0,0,0.0,Normal,0
SEAN DUKE,"DL 436Y, 26-JUL-25, JFK  to  ACC, 15:30:07 - 00:45:31, Seat: 49D",,1848200000000.0,27-Jul,(800)352-5226 / (868)378-4020155,GM78536777,3-Aug-00,27-Feb-35,6323581,27-Jul,5-Nov-26,9999.0,25,0,0,0,0,0.8566666666666667,High,1
WILLIAM PRICE,"DL 904Y, 09-JUL-25, JFK  to  ACC, 15:59:17 - 14:25:29, Seat: 46C","DL 785Y, 23-JUL-25, ACC  to  JFK, 19:24:16 - 10:24:54,Seat: 10A",4177740000000.0,27-Jul,(507)392-32816217 / 001-079-981-2358644,HE29517393,28-Jul-65,13-Nov-33,5863534,27-Jul,16-Jun-28,14.0,39,0,0,0,0,0.0,Normal,0
JOHN MORSE,"DL 645Y, 02-JUL-25, JFK  to  ACC, 23:30:13 - 13:58:02, Seat: 3D",,9137200000000.0,27-Jul,+1-684-731-8168247 / 001-508-843-38811847,JE36682629,4-Dec-72,1-Sep-34,1429166,27-Jul,9-Jun-30,9999.0,47,0,0,0,0,0.6,Medium,0
COREY HERNANDEZ,"DL 417Y, 06-JUL-25, JFK  to  ACC, 01:19:06 - 05:45:50, Seat: 40A","DL 679Y, 07-JUL-25, ACC  to  SEA, 17:25:14 - 11:05:35,Seat: 20F",8328360000000.0,27-Jul,64674759462146 / 0517582727,SS84900609,23-Nov-03,15-Aug-32,2847118,27-Jul,14-Mar-28,1.0,21,0,0,0,0,1.0,High,1
JOSEPH COOPER,"DL 358Y, 25-JUL-25, JFK  to  ACC, 17:11:31 - 03:32:05, Seat: 6E","DL 430Y, 16-JUL-25, ACC  to  SEA, 16:55:44 - 21:52:53,Seat: 30A",2434140000000.0,27-Jul,(252)982-17594922 / 772509769781151,ZY92862792,28-Jun-65,29-May-31,1064537,27-Jul,24-Feb-29,9.0,39,0,0,0,0,0.0,Normal,0
CYNTHIA THOMPSON,"DL 129Y, 26-JUL-25, JFK  to  ACC, 09:59:46 - 05:46:33, Seat: 37D","DL 919Y, 15-JUL-25, ACC  to  CDG, 02:41:25 - 01:24:45,Seat: 41D",5294240000000.0,27-Jul,225-042-2192415 / (766)467-69806647,XU62029278,16-Apr-92,5-Dec-31,7039980,27-Jul,15-Oct-27,11.0,33,0,0,0,0,0.0,Normal,0
GABRIEL LOPEZ,"DL 138Y, 11-JUL-25, JFK  to  ACC, 08:26:31 - 09:28:57, Seat: 37A","DL 160Y, 08-JUL-25, ACC  to  AMS, 22:56:39 - 08:28:50,Seat: 36B",7099760000000.0,27-Jul,(368)095-145270117 / 3069785133,ZC55867248,12-Apr-61,14-Nov-33,5218457,27-Jul,23-Oct-27,3.0,35,0,0,0,0,0.0,Normal,0
KAREN SANDERS,"DL 883Y, 25-JUL-25, JFK  to  ACC, 09:44:07 - 14:49:01, Seat: 38F","DL 904Y, 03-JUL-25, ACC  to  SFO, 02:06:16 - 00:30:30,Seat: 46D",6681100000000.0,27-Jul,829-052-64983394 / (384)184-0026,TS76442308,14-Oct-71,24-Jan-35,2734681,27-Jul,21-Apr-29,22.0,46,0,0,0,0,0.016666666666666666,Normal,0
MEGAN GREEN,"DL 202Y, 09-JUL-25, JFK  to  ACC, 00:25:17 - 20:48:17, Seat: 36B","DL 404Y, 01-JUL-25, ACC  to  MSP, 10:56:50 - 10:22:53,Seat: 14F",4339160000000.0,27-Jul,001-637-416-7498 / 1586085286081,QM81924042,20-Mar-70,19-Aug-33,1500355,27-Jul,5-Aug-28,8.0,44,0,0,0,0,0.0,Normal,0
SAMUEL THOMAS,"DL 945Y, 06-JUL-25, JFK  to  ACC, 06:11:45 - 13:26:33, Seat: 7A","DL 921Y, 14-JUL-25, ACC  to  ATL, 01:04:15 - 09:07:34,Seat: 25D",5505230000000.0,27-Jul,735-179-12062274 / 731-580-245447083,ZC03938176,7-Mar-84,17-Nov-32,4209102,27-Jul,4-Aug-28,8.0,41,0,0,0,0,0.0,Normal,0
LISA WILSON,"DL 287Y, 14-JUL-25, JFK  to  ACC, 10:06:53 - 18:02:13, Seat: 43E","DL 622Y, 20-JUL-25, ACC  to  MSP, 19:57:41 - 17:47:18,Seat: 21B",6503800000000.0,27-Jul,512-300-861680958 / 2913016456,ZB98281675,22-Aug-59,8-Aug-34,3082727,27-Jul,19-Oct-28,6.0,34,0,0,0,0,0.0,Normal,0
KATIE COFFEY,"DL 960Y, 15-JUL-25, JFK  to  ACC, 19:21:54 - 20:05:13, Seat: 42D","DL 789Y, 22-JUL-25, ACC  to  ATL, 11:48:58 - 06:49:18,Seat: 3D",8502190000000.0,27-Jul,993-728-95139389 / 001-412-886-574058073,EU94031875,17-Apr-71,25-Sep-34,8352180,27-Jul,21-Mar-28,7.0,45,0,0,0,0,0.0,Normal,0
DARRELL TURNER,"DL 881Y, 17-JUL-25, JFK  to  ACC, 05:23:54 - 21:27:07, Seat: 18A","DL 130Y, 10-JUL-25, ACC  to  DTW, 18:23:39 - 09:56:46,Seat: 50A",8133520000000.0,27-Jul,+1-971-964-7055172 / 985-123-40864697,GI39644504,5-Aug-90,14-Jun-35,6950506,27-Jul,23-Feb-27,7.0,35,0,0,0,0,0.0,Normal,0
DANIEL LOPEZ,"DL 942Y, 09-JUL-25, JFK  to  ACC, 01:28:03 - 15:18:54, Seat: 17E","DL 252Y, 11-JUL-25, ACC  to  ATL, 22:53:30 - 03:49:06,Seat: 12D",8590800000000.0,27-Jul,085-135-10899849 / 8085523917,LO01400651,29-Dec-90,8-Feb-33,5745810,27-Jul,19-Jul-30,2.0,34,0,0,0,0,0.0,Normal,0
JASON GALLEGOS,"DL 393Y, 02-JUL-25, JFK  to  ACC, 22:47:17 - 16:03:10, Seat: 47E","DL 680Y, 24-JUL-25, ACC  to  JFK, 07:53:34 - 04:47:06,Seat: 23A",2342810000000.0,27-Jul,48753502752254 / +1-261-609-640267714,YF92646422,25-Sep-57,27-May-35,8826273,27-Jul,14-Dec-29,22.0,32,0,0,0,0,0.0,Normal,0
DONALD TAYLOR,"DL 613Y, 08-JUL-25, JFK  to  ACC, 04:51:25 - 05:09:12, Seat: 3C",,1925130000000.0,27-Jul,313884067093248 / +1-362-519-7119,ER12263020,20-Aug-60,4-Apr-34,5293515,27-Jul,10-Feb-30,9999.0,35,0,0,0,0,0.5933333333333334,Low,0
NATHAN GARZA,"DL 175Y, 03-JUL-25, JFK  to  ACC, 05:30:46 - 07:01:16, Seat: 39A","DL 481Y, 11-JUL-25, ACC  to  LAX, 15:05:11 - 22:50:28,Seat: 11B",1448770000000.0,27-Jul,(039)545-6439 / 868-229-1607,TH42442165,1-Sep-97,26-Apr-33,8837108,27-Jul,25-Jan-27,8.0,27,0,0,0,0,0.0,Normal,0
AMANDA MADDEN,"DL 881Y, 20-JUL-25, JFK  to  ACC, 12:42:10 - 12:23:59, Seat: 7A","DL 339Y, 17-JUL-25, ACC  to  MSP, 19:30:24 - 22:03:52,Seat: 3D",8073420000000.0,27-Jul,8772785535 / (570)278-840249648,GI93727678,22-Nov-73,29-May-35,2416937,27-Jul,31-Dec-29,3.0,48,0,0,0,0,0.0,Normal,0
ANTHONY LEVINE JR.,"DL 783Y, 08-JUL-25, JFK  to  ACC, 13:28:53 - 08:19:59, Seat: 21A","DL 466Y, 07-JUL-25, ACC  to  CDG, 16:58:53 - 19:05:17,Seat: 14C",8206800000000.0,27-Jul,+1-837-119-996917546 / 871-715-3077710,DV23018068,27-Nov-86,27-Feb-32,8122839,27-Jul,1-Sep-27,1.0,38,0,0,0,0,0.0,Normal,0
SUSAN PEREZ,"DL 224Y, 16-JUL-25, JFK  to  ACC, 08:17:42 - 14:33:00, Seat: 29D","DL 182Y, 07-JUL-25, ACC  to  LAX, 15:28:46 - 23:41:04,Seat: 23B",9076720000000.0,27-Jul,001-213-530-8736117 / 6985660207,FR45662624,29-Jul-73,15-Nov-30,4316182,27-Jul,15-Aug-29,9.0,47,0,0,0,0,0.0,Normal,0
GARY PERRY,"DL 324Y, 16-JUL-25, JFK  to  ACC, 00:26:44 - 17:32:50, Seat: 21C","DL 354Y, 05-JUL-25, ACC  to  CDG, 10:35:14 - 11:39:47,Seat: 12C",1487200000000.0,27-Jul,+1-599-610-9771620 / +1-162-316-20543062,GB77496897,10-Dec-62,9-Jun-31,4401655,27-Jul,20-Oct-29,11.0,37,0,0,0,0,0.0,Normal,0
MARIA HARTMAN,"DL 659Y, 04-JUL-25, JFK  to  ACC, 05:01:45 - 05:44:29, Seat: 32B","DL 555Y, 17-JUL-25, ACC  to  LAX, 08:17:13 - 20:34:18,Seat: 21C",2289240000000.0,27-Jul,(406)143-1891 / (509)304-8785,UA51280432,10-Sep-85,23-Aug-32,2323006,27-Jul,21-Nov-26,13.0,39,0,0,0,0,0.0,Normal,0
ERIKA NELSON,"DL 878Y, 22-JUL-25, JFK  to  ACC, 12:37:39 - 14:30:17, Seat: 16A","DL 397Y, 03-JUL-25, ACC  to  DTW, 04:36:12 - 07:15:30,Seat: 2B",9658940000000.0,27-Jul,78151152911496 / 199-829-567442279,JP00583515,11-Jan-54,22-Jul-32,6158123,27-Jul,13-Dec-28,19.0,28,0,0,0,0,0.0,Normal,0
MICHELLE PHILLIPS,"DL 498Y, 21-JUL-25, JFK  to  ACC, 23:45:20 - 04:52:29, Seat: 37C","DL 925Y, 03-JUL-25, ACC  to  SFO, 07:36:50 - 14:11:52,Seat: 36C",6335860000000.0,27-Jul,9152525315 / 7870979653,WQ60062539,3-Jul-62,9-Oct-32,3883214,27-Jul,27-Nov-27,18.0,36,0,0,0,0,0.0,Normal,0
KIMBERLY WHITE,"DL 857Y, 07-JUL-25, JFK  to  ACC, 18:09:04 - 08:56:32, Seat: 25F",,1697750000000.0,27-Jul,001-332-741-8632366 / (712)620-96959464,CK20455816,19-Oct-84,25-Aug-30,8716491,27-Jul,23-Nov-27,9999.0,40,0,0,0,0,0.5266666666666666,Low,0
MICHELLE CHRISTIAN,"DL 708Y, 15-JUL-25, JFK  to  ACC, 06:34:06 - 13:05:23, Seat: 3D","DL 690Y, 07-JUL-25, ACC  to  AMS, 16:36:40 - 21:02:38,Seat: 12F",9762950000000.0,27-Jul,5323462722 / 888359702021503,KQ47541715,22-Jan-52,10-Mar-31,2477601,27-Jul,30-Jun-30,8.0,26,0,0,0,0,0.0,Normal,0
ASHLEY BARNETT,"DL 823Y, 24-JUL-25, JFK  to  ACC, 08:49:04 - 13:20:19, Seat: 45B","DL 523Y, 03-JUL-25, ACC  to  JFK, 04:07:21 - 19:43:43,Seat: 43D",4510930000000.0,27-Jul,4134961507 / 001-407-256-840386817,YK17362806,16-Oct-85,3-Mar-34,1284418,27-Jul,5-Feb-28,21.0,39,0,0,0,0,0.0,Normal,0
ERIC MEADOWS,"DL 123Y, 21-JUL-25, JFK  to  ACC, 02:27:10 - 07:35:07, Seat: 10D","DL 647Y, 17-JUL-25, ACC  to  LAX, 02:47:48 - 21:01:22,Seat: 17C",1265040000000.0,27-Jul,5592505495 / (903)246-03390697,JR67664691,21-Dec-86,22-Sep-34,9607697,27-Jul,7-May-27,4.0,38,0,0,0,0,0.01875665183782541,Normal,0
NICOLAS NEWMAN,"DL 402Y, 03-JUL-25, JFK  to  ACC, 19:35:51 - 23:11:22, Seat: 32A","DL 340Y, 20-JUL-25, ACC  to  SFO, 16:39:40 - 13:27:27,Seat: 18F",4222960000000.0,27-Jul,+1-902-382-770769214 / +1-125-813-134357661,LY42371488,2-Feb-54,2-Aug-33,2440475,27-Jul,15-Sep-28,17.0,28,0,0,0,0,0.0,Normal,0
PAUL BROWN,"DL 780Y, 13-JUL-25, JFK  to  ACC, 00:14:28 - 05:58:33, Seat: 5D","DL 831Y, 20-JUL-25, ACC  to  LAX, 14:15:40 - 08:29:00,Seat: 45C",8946860000000.0,27-Jul,638-211-2983424 / (437)213-2876400,QA26175126,24-Aug-96,2-Dec-32,5280266,27-Jul,12-Jan-28,7.0,28,0,0,0,0,0.0,Normal,0
SCOTT MARTINEZ,"DL 375Y, 18-JUL-25, JFK  to  ACC, 06:01:57 - 04:23:58, Seat: 39D","DL 402Y, 04-JUL-25, ACC  to  SFO, 03:36:25 - 22:23:05,Seat: 12D",5598430000000.0,27-Jul,001-357-873-91605705 / (230)645-7140539,PW21915413,20-Dec-83,25-Sep-34,5957653,27-Jul,22-Aug-28,14.0,41,0,0,0,0,0.0,Normal,0
ANTONIO BOYD,"DL 447Y, 05-JUL-25, JFK  to  ACC, 06:56:51 - 10:14:46, Seat: 18E","DL 437Y, 20-JUL-25, ACC  to  JFK, 16:53:53 - 05:34:04,Seat: 39A",2726180000000.0,27-Jul,933-552-5240 / +1-151-419-662744367,JV73628345,10-Oct-99,23-Mar-32,2577032,27-Jul,20-Nov-27,15.0,25,0,0,0,0,0.0,Normal,0
LISA OWENS,"DL 849Y, 18-JUL-25, JFK  to  ACC, 19:13:58 - 08:38:44, Seat: 31B","DL 721Y, 21-JUL-25, ACC  to  SFO, 04:42:54 - 22:26:31,Seat: 29E",4374750000000.0,27-Jul,001-233-912-67197509 / 804-873-486937579,EA63975011,7-Jan-84,13-Jun-35,3247717,27-Jul,13-Feb-30,3.0,41,0,0,0,0,0.0,Normal,0
MARK STONE,"DL 142Y, 01-JUL-25, JFK  to  ACC, 16:25:18 - 16:29:50, Seat: 27A","DL 480Y, 13-JUL-25, ACC  to  AMS, 00:56:44 - 07:09:53,Seat: 20D",2294870000000.0,27-Jul,4793175401 / 2290307518,KB63401653,15-Jul-94,25-Mar-32,9355546,27-Jul,24-Sep-28,12.0,31,0,0,0,0,0.0,Normal,0
SOPHIA BROWN,"DL 664Y, 27-JUL-25, JFK  to  ACC, 20:02:28 - 13:58:21, Seat: 24A","DL 281Y, 19-JUL-25, ACC  to  JFK, 02:03:29 - 04:54:33,Seat: 16F",3678320000000.0,27-Jul,+1-608-366-1213033 / +1-075-254-4052298,VL27789899,24-Feb-59,5-Aug-33,7046999,27-Jul,23-Jan-29,8.0,33,0,0,0,0,0.0,Normal,0
KIMBERLY VASQUEZ,"DL 597Y, 12-JUL-25, JFK  to  ACC, 11:34:19 - 21:00:59, Seat: 26C","DL 823Y, 07-JUL-25, ACC  to  SFO, 14:01:54 - 18:47:40,Seat: 15B",2034590000000.0,27-Jul,+1-973-970-9082 / 001-885-725-9026184,EN77447866,13-Jan-89,21-Jan-33,4492484,27-Jul,7-Apr-27,5.0,36,0,0,0,0,0.0,Normal,0
ALICIA DAY,"DL 146Y, 02-JUL-25, JFK  to  ACC, 20:28:20 - 07:01:52, Seat: 11D","DL 852Y, 09-JUL-25, ACC  to  CDG, 09:46:17 - 15:02:40,Seat: 26C",7798790000000.0,27-Jul,(416)174-9407634 / +1-281-650-9582,SJ61891529,11-Dec-88,26-Apr-32,3930839,27-Jul,17-Feb-30,7.0,36,0,0,0,0,0.0,Normal,0
LYNN CHEN,"DL 119Y, 21-JUL-25, JFK  to  ACC, 06:23:50 - 06:38:30, Seat: 22B","DL 496Y, 15-JUL-25, ACC  to  AMS, 15:09:52 - 18:39:33,Seat: 22B",2083870000000.0,27-Jul,534-887-4448 / 001-299-786-0293,HN34656986,19-Apr-67,9-Jun-34,5281047,27-Jul,26-Sep-27,6.0,41,0,0,0,0,0.0,Normal,0
DENNIS OWEN,"DL 831Y, 17-JUL-25, JFK  to  ACC, 20:51:30 - 03:20:27, Seat: 11C","DL 508Y, 01-JUL-25, ACC  to  SFO, 19:07:42 - 20:40:51,Seat: 9A",6898060000000.0,27-Jul,047061524141311 / +1-625-110-788228004,QQ73922799,13-Sep-92,29-Dec-31,6861589,27-Jul,5-Nov-26,16.0,32,0,0,0,0,0.0,Normal,0
CAROL GEORGE,"DL 297Y, 26-JUL-25, JFK  to  ACC, 11:35:06 - 22:25:49, Seat: 29A","DL 584Y, 10-JUL-25, ACC  to  SFO, 23:23:46 - 09:45:42,Seat: 19F",7983090000000.0,27-Jul,001-089-660-8744 / (497)986-4051,UQ55914662,4-Mar-71,8-Nov-33,7619519,27-Jul,7-May-29,16.0,45,0,0,0,0,0.0,Normal,0
MICHAEL BROWN,"DL 195Y, 18-JUL-25, JFK  to  ACC, 22:53:51 - 14:11:59, Seat: 44E","DL 238Y, 15-JUL-25, ACC  to  JFK, 22:05:27 - 18:05:42,Seat: 12C",6679170000000.0,27-Jul,875-295-855357099 / 001-524-973-9747,RM08403934,26-Jun-93,11-Oct-34,4154890,27-Jul,10-Mar-27,3.0,32,0,0,0,0,0.0,Normal,0
JOHN LARSON,"DL 319Y, 11-JUL-25, JFK  to  ACC, 08:11:52 - 15:58:23, Seat: 23B",,7267370000000.0,27-Jul,6518376035 / (886)996-4254779,IT70703402,1-Apr-94,12-Jun-33,6079993,27-Jul,27-Nov-29,9999.0,31,0,0,0,0,0.5433333333333333,Low,0
ASHLEY BROWN,"DL 166Y, 16-JUL-25, JFK  to  ACC, 13:35:18 - 15:59:44, Seat: 2D","DL 551Y, 10-JUL-25, ACC  to  MSP, 04:38:17 - 23:11:56,Seat: 33D",7755830000000.0,27-Jul,571-517-3162152 / 001-860-081-359954217,DE58227304,28-Dec-69,17-Apr-32,4600023,27-Jul,27-Feb-28,6.0,44,0,0,0,0,0.0,Normal,0
AMBER BOONE,"DL 420Y, 26-JUL-25, JFK  to  ACC, 10:26:45 - 07:14:28, Seat: 48D","DL 465Y, 15-JUL-25, ACC  to  CDG, 21:06:30 - 06:41:34,Seat: 34C",8592850000000.0,27-Jul,0810356595240 / (480)933-7076,VS50220074,28-Oct-56,1-Nov-30,6244010,27-Jul,28-Oct-28,11.0,31,0,0,0,0,0.0,Normal,0
DANA MILLER,"DL 492Y, 09-JUL-25, JFK  to  ACC, 07:34:29 - 04:34:35, Seat: 12A","DL 649Y, 14-JUL-25, ACC  to  LAX, 08:31:56 - 00:45:39,Seat: 9F",9964110000000.0,27-Jul,(018)136-736698299 / 0406774298395,ZQ79799898,24-May-69,11-Aug-32,1062807,27-Jul,20-Dec-27,5.0,43,0,0,0,0,0.016734256615881193,Normal,0
STACEY GONZALEZ,"DL 993Y, 01-JUL-25, JFK  to  ACC, 17:35:34 - 05:20:40, Seat: 7F","DL 439Y, 14-JUL-25, ACC  to  ATL, 02:43:02 - 19:04:05,Seat: 27A",4189790000000.0,27-Jul,803-354-7305 / +1-675-669-473356441,XR13758311,26-Jul-73,30-Dec-33,8766036,27-Jul,6-Feb-27,13.0,47,0,0,0,0,0.0,Normal,0
SHAWN BENTON,"DL 873Y, 11-JUL-25, JFK  to  ACC, 16:21:16 - 04:39:05, Seat: 39E","DL 324Y, 20-JUL-25, ACC  to  SEA, 04:29:40 - 03:17:48,Seat: 39B",6639600000000.0,27-Jul,020-700-653161042 / 547-292-55839766,LD03332360,10-May-79,19-Nov-33,2621684,27-Jul,27-Oct-27,9.0,46,0,0,0,0,0.0,Normal,0
ARTHUR HERNANDEZ,"DL 334Y, 05-JUL-25, JFK  to  ACC, 20:26:21 - 09:56:39, Seat: 47C","DL 303Y, 03-JUL-25, ACC  to  DTW, 11:57:39 - 12:37:37,Seat: 12E",5732310000000.0,27-Jul,3503454771 / 001-132-625-880958339,AN28113493,2-Apr-61,15-Mar-33,7153061,27-Jul,23-Nov-27,2.0,35,0,0,0,0,0.0,Normal,0
SABRINA HERNANDEZ,"DL 510Y, 08-JUL-25, JFK  to  ACC, 00:08:53 - 00:34:07, Seat: 49A","DL 561Y, 23-JUL-25, ACC  to  BOS, 07:49:26 - 13:53:25,Seat: 22E",5656740000000.0,27-Jul,001-998-866-795873337 / (635)252-753241600,IQ86238962,9-Oct-50,19-Apr-32,8357686,27-Jul,26-Jan-28,15.0,25,0,0,0,0,0.0,Normal,0
LORI SIMON,"DL 726Y, 13-JUL-25, JFK  to  ACC, 06:50:18 - 16:37:41, Seat: 33A","DL 975Y, 06-JUL-25, ACC  to  CDG, 18:53:33 - 00:51:41,Seat: 50B",6728460000000.0,27-Jul,713-549-9224 / 224-622-0552537,NG00948856,17-Jul-03,10-May-34,4021793,27-Jul,28-Nov-29,7.0,22,0,0,0,0,0.0,Normal,0
GRANT CHAN,"DL 435Y, 11-JUL-25, JFK  to  ACC, 02:14:53 - 23:26:52, Seat: 7C","DL 258Y, 20-JUL-25, ACC  to  SEA, 06:46:56 - 11:28:08,Seat: 47E",7575620000000.0,27-Jul,(739)942-245779808 / 001-358-711-96193347,FX12510898,30-Oct-94,1-Nov-31,5059128,27-Jul,14-May-30,9.0,30,0,0,0,0,0.0,Normal,0
PATRICIA HERRING,"DL 672Y, 01-JUL-25, JFK  to  ACC, 14:00:50 - 07:27:02, Seat: 20D","DL 185Y, 01-JUL-25, ACC  to  BOS, 14:02:09 - 05:34:47,Seat: 12F",7194480000000.0,27-Jul,781528250523308 / (716)863-8764446,HZ74870618,16-Apr-74,22-Oct-32,1306507,27-Jul,9-Apr-30,0.0,48,0,0,0,0,0.0,Normal,0
CHAD MCDONALD,"DL 175Y, 08-JUL-25, JFK  to  ACC, 02:33:20 - 11:41:06, Seat: 39A",,6136740000000.0,27-Jul,972498662812449 / (307)805-8575664,OM45845269,11-Nov-04,10-Jul-33,7490259,27-Jul,12-Mar-27,9999.0,20,0,0,0,0,0.9133333333333333,High,1
PAMELA COLEMAN,"DL 600Y, 21-JUL-25, JFK  to  ACC, 13:43:50 - 06:10:42, Seat: 7F","DL 658Y, 22-JUL-25, ACC  to  SEA, 06:18:53 - 15:21:28,Seat: 48F",1301580000000.0,27-Jul,7536554979 / 001-683-351-5259,ZE78433734,7-Sep-63,14-Oct-30,1815991,27-Jul,16-Sep-28,1.0,38,0,0,0,0,0.0,Normal,0
BROOKE HERNANDEZ,"DL 527Y, 08-JUL-25, JFK  to  ACC, 00:24:25 - 00:51:23, Seat: 7B","DL 597Y, 11-JUL-25, ACC  to  CDG, 06:15:27 - 10:48:50,Seat: 31B",3683690000000.0,27-Jul,307-778-8003 / +1-725-189-0630415,TH29645422,9-Aug-92,22-Feb-31,3899477,27-Jul,12-Sep-29,3.0,33,0,0,0,0,0.0,Normal,0
JENNIFER JAMES,"DL 128Y, 23-JUL-25, JFK  to  ACC, 21:04:07 - 13:11:04, Seat: 38F",,9777770000000.0,27-Jul,8948460487875 / 001-574-558-9795770,KM75045322,20-May-96,17-Jun-33,3357944,27-Jul,22-Jan-29,9999.0,29,0,0,0,0,0.61,Medium,0
DAWN EDWARDS,"DL 833Y, 23-JUL-25, JFK  to  ACC, 07:45:49 - 14:07:27, Seat: 30B","DL 808Y, 23-JUL-25, ACC  to  LAX, 18:56:29 - 19:45:06,Seat: 8D",9806270000000.0,27-Jul,25384997175867 / +1-538-746-4665156,PO42509515,5-Oct-49,19-Mar-34,6862539,27-Jul,27-Jan-27,0.0,24,0,0,0,0,1.0,High,1
STEPHANIE PARKS,"DL 841Y, 08-JUL-25, JFK  to  ACC, 09:28:04 - 09:11:43, Seat: 36A","DL 494Y, 10-JUL-25, ACC  to  SFO, 01:08:24 - 12:06:15,Seat: 48B",9066130000000.0,27-Jul,001-782-699-0169 / 001-026-741-0257680,GZ43574159,11-Apr-59,2-Feb-33,6710861,27-Jul,19-Jun-30,2.0,33,0,0,0,0,0.0,Normal,0
GLENN WATERS,"DL 416Y, 20-JUL-25, JFK  to  ACC, 01:49:48 - 20:54:42, Seat: 28D","DL 435Y, 05-JUL-25, ACC  to  SEA, 20:50:21 - 11:07:12,Seat: 21F",3168100000000.0,27-Jul,942-551-6356 / 050-226-14048337,WM24356294,3-Jan-65,22-Sep-32,5335953,27-Jul,12-Nov-26,15.0,39,0,0,0,0,0.0,Normal,0
JOSEPH WILSON,"DL 607Y, 16-JUL-25, JFK  to  ACC, 18:04:38 - 23:49:57, Seat: 8D","DL 643Y, 18-JUL-25, ACC  to  JFK, 10:03:30 - 04:36:07,Seat: 41A",4564500000000.0,27-Jul,1027952784779 / (880)593-2208,CY07149077,14-Dec-73,20-Mar-35,8463813,27-Jul,21-Jul-30,2.0,48,0,0,0,0,0.0,Normal,0
SARAH MORTON,"DL 366Y, 20-JUL-25, JFK  to  ACC, 00:55:48 - 05:42:10, Seat: 24B","DL 560Y, 02-JUL-25, ACC  to  SEA, 11:08:13 - 04:01:35,Seat: 25A",5081420000000.0,27-Jul,+1-473-953-94774390 / 001-729-562-4124254,MU78923764,19-Jan-90,22-Aug-32,5339762,27-Jul,30-May-28,18.0,35,0,0,0,0,0.0,Normal,0
LEAH LOPEZ,"DL 294Y, 16-JUL-25, JFK  to  ACC, 15:03:15 - 10:50:23, Seat: 23D",,7066380000000.0,27-Jul,359-026-19630957 / 001-891-250-866875960,NC71877324,7-Feb-79,23-Feb-33,5579132,27-Jul,18-Sep-26,9999.0,46,0,0,0,0,0.58,Low,0
CRYSTAL WRIGHT,"DL 514Y, 17-JUL-25, JFK  to  ACC, 02:26:06 - 03:34:41, Seat: 31E","DL 721Y, 14-JUL-25, ACC  to  SEA, 00:44:47 - 00:54:54,Seat: 6D",1625960000000.0,27-Jul,(263)090-9324767 / 001-553-585-323969753,BL38720361,12-Sep-75,13-Jan-33,5723358,27-Jul,21-Nov-29,3.0,49,0,0,0,0,0.006666666666666667,Normal,0
JANICE MILLER,"DL 510Y, 11-JUL-25, JFK  to  ACC, 13:26:12 - 04:40:42, Seat: 31F","DL 125Y, 14-JUL-25, ACC  to  DTW, 03:55:25 - 12:08:32,Seat: 11E",5820490000000.0,27-Jul,128-713-2217 / 8130887942368,EV94865685,30-Jul-89,12-Feb-34,2818919,27-Jul,8-Dec-28,3.0,36,0,0,0,0,0.0,Normal,0
DR. BRANDY LEVINE,"DL 663Y, 24-JUL-25, JFK  to  ACC, 07:42:50 - 05:51:43, Seat: 11B","DL 428Y, 13-JUL-25, ACC  to  SFO, 11:40:15 - 21:50:08,Seat: 4E",8290790000000.0,27-Jul,1212988821 / +1-684-608-420461974,PW90631718,24-Dec-79,1-Nov-34,8445401,27-Jul,26-Nov-27,11.0,45,0,0,0,0,0.0,Normal,0
STACY BAKER,"DL 574Y, 08-JUL-25, JFK  to  ACC, 02:03:20 - 16:00:57, Seat: 39E","DL 968Y, 18-JUL-25, ACC  to  JFK, 04:51:58 - 02:00:25,Seat: 40E",9566320000000.0,27-Jul,0530484569 / (016)256-1116869,GQ19839787,2-Sep-76,22-Jun-32,4275196,27-Jul,31-Dec-29,10.0,48,0,0,0,0,0.0,Normal,0
KRISTIN DAVIS,"DL 683Y, 21-JUL-25, JFK  to  ACC, 02:51:32 - 14:30:42, Seat: 2F","DL 138Y, 16-JUL-25, ACC  to  JFK, 22:25:42 - 17:17:16,Seat: 2B",1285560000000.0,27-Jul,2984496985 / 83526607540136,ND62792850,5-Feb-88,24-Jun-35,2848246,27-Jul,7-Jul-29,5.0,37,0,0,0,0,0.0,Normal,0
DERRICK JOHNSON,"DL 378Y, 20-JUL-25, JFK  to  ACC, 00:05:39 - 08:12:11, Seat: 37C","DL 779Y, 26-JUL-25, ACC  to  ATL, 21:53:47 - 20:14:36,Seat: 17A",2925750000000.0,27-Jul,001-191-248-1584095 / (321)967-8878823,SX27857390,6-Sep-99,23-Jan-33,8245033,27-Jul,18-Nov-26,6.0,25,0,0,0,0,0.0,Normal,0
PHILIP ARMSTRONG,"DL 712Y, 11-JUL-25, JFK  to  ACC, 18:05:38 - 22:39:14, Seat: 6E","DL 236Y, 22-JUL-25, ACC  to  ATL, 21:16:19 - 22:30:48,Seat: 1F",3451420000000.0,27-Jul,+1-549-856-0216408 / 56684865958646,XX73985798,8-Apr-57,5-Mar-32,9630801,27-Jul,23-Oct-27,11.0,31,0,0,0,0,0.0,Normal,0
RAYMOND DAVIS,"DL 491Y, 18-JUL-25, JFK  to  ACC, 18:46:15 - 07:33:04, Seat: 47C","DL 409Y, 20-JUL-25, ACC  to  DTW, 10:29:07 - 08:32:52,Seat: 49E",8992010000000.0,27-Jul,4138110539 / +1-875-664-310813251,WQ17274505,21-Dec-54,28-Nov-30,8752780,27-Jul,20-Jul-28,2.0,29,0,0,0,0,1.0,High,1
DIANA KELLY,"DL 890Y, 10-JUL-25, JFK  to  ACC, 01:33:55 - 12:32:49, Seat: 31F","DL 692Y, 21-JUL-25, ACC  to  LAX, 15:18:38 - 22:54:51,Seat: 38D",2360720000000.0,27-Jul,4316962663754 / 349-158-2779154,OR82730344,21-Mar-61,11-May-33,7581580,27-Jul,16-Oct-27,11.0,35,0,0,0,0,0.0,Normal,0
CLARENCE WEBSTER,"DL 993Y, 03-JUL-25, JFK  to  ACC, 15:29:13 - 14:58:30, Seat: 48C","DL 704Y, 23-JUL-25, ACC  to  AMS, 21:43:48 - 01:32:22,Seat: 13C",1143480000000.0,27-Jul,0585419734 / 1065174926,OV18077357,6-Apr-52,28-Feb-34,1298801,27-Jul,24-Feb-27,20.0,26,0,0,0,0,0.0033333333333333335,Normal,0
NICHOLAS WASHINGTON,"DL 130Y, 23-JUL-25, JFK  to  ACC, 00:00:26 - 20:26:24, Seat: 41C","DL 129Y, 11-JUL-25, ACC  to  SEA, 23:09:57 - 11:28:19,Seat: 18F",5726730000000.0,27-Jul,4987889757034 / 668-003-2942,LP89508306,29-Jan-02,24-Dec-31,6815744,27-Jul,1-Oct-27,12.0,23,0,0,0,0,0.0,Normal,0
CAROL SMITH,"DL 143Y, 26-JUL-25, JFK  to  ACC, 07:01:45 - 23:12:13, Seat: 50A",,2721550000000.0,27-Jul,(428)565-428682943 / 001-321-555-37501318,HD10337790,28-Oct-98,14-Sep-30,8553344,27-Jul,15-Aug-28,9999.0,26,0,0,0,0,0.82,High,1
JOSEPH FOLEY,"DL 878Y, 20-JUL-25, JFK  to  ACC, 11:56:03 - 23:47:10, Seat: 26F",,9149740000000.0,27-Jul,001-672-392-9128446 / +1-730-078-45978194,VN23988859,23-Jun-06,20-Mar-31,2327303,27-Jul,25-Nov-28,9999.0,19,0,0,0,0,0.91,High,1
AMANDA DELGADO,"DL 979Y, 01-JUL-25, JFK  to  ACC, 03:35:55 - 12:00:49, Seat: 14A","DL 672Y, 26-JUL-25, ACC  to  AMS, 23:13:41 - 19:19:34,Seat: 22C",3336740000000.0,27-Jul,-1060916865,XT04375830,23-Jun-78,4-Jun-31,9157779,27-Jul,9-Oct-26,25.0,47,0,0,0,0,0.99,High,1
VERONICA HUNTER PHD,"DL 633Y, 05-JUL-25, JFK  to  ACC, 06:54:14 - 07:24:17, Seat: 22B","DL 448Y, 14-JUL-25, ACC  to  ATL, 09:10:02 - 10:11:52,Seat: 18C",2853200000000.0,27-Jul,5100128490245 / 6364984534,KH51826886,23-Jan-84,3-Jun-32,6001263,27-Jul,11-Apr-30,9.0,41,0,0,0,0,0.0,Normal,0
KATHRYN LOVE,"DL 298Y, 21-JUL-25, JFK  to  ACC, 02:02:14 - 10:16:42, Seat: 31B",,9445680000000.0,27-Jul,244-220-3972 / 001-930-411-18337476,RW82484018,5-Jun-04,29-Jun-35,8295458,27-Jul,1-Jan-30,9999.0,21,0,0,0,0,0.8733333333333333,High,1
LISA FULLER PHD,"DL 499Y, 05-JUL-25, JFK  to  ACC, 03:50:38 - 17:52:20, Seat: 50C",,2711640000000.0,27-Jul,0073647638152 / (683)429-6744,HM47887172,18-Feb-91,11-Jan-33,8370671,27-Jul,4-Sep-26,9999.0,34,0,0,0,0,0.5633333333333334,Low,0
GREGORY LITTLE,"DL 975Y, 03-JUL-25, JFK  to  ACC, 02:00:42 - 06:35:24, Seat: 37F","DL 599Y, 27-JUL-25, ACC  to  LAX, 11:01:10 - 18:47:16,Seat: 40C",9331280000000.0,27-Jul,(666)881-60582348 / (714)177-814065732,TA67614970,13-Jul-72,10-Jun-32,3192775,27-Jul,15-Dec-27,24.0,46,0,0,0,0,0.15,Normal,0
BRIANA GONZALEZ,"DL 263Y, 03-JUL-25, JFK  to  ACC, 12:34:40 - 13:13:26, Seat: 26F","DL 658Y, 10-JUL-25, ACC  to  SFO, 04:34:04 - 00:06:42,Seat: 11D",6432000000000.0,27-Jul,21493220817262 / 606-536-10772734,CE78178191,21-Jun-04,16-Oct-33,2158169,27-Jul,7-Apr-28,7.0,21,0,0,0,0,0.0,Normal,0
NICHOLAS MOORE,"DL 196Y, 20-JUL-25, JFK  to  ACC, 18:55:20 - 12:17:52, Seat: 8F","DL 853Y, 22-JUL-25, ACC  to  LAX, 12:27:44 - 22:13:43,Seat: 31A",1581300000000.0,27-Jul,(568)973-3275710 / +1-730-196-876230260,UD43469170,4-Jan-03,8-Apr-35,6771445,27-Jul,4-Jul-28,2.0,22,0,0,0,0,1.0,High,1
AMANDA LINDSEY,"DL 335Y, 18-JUL-25, JFK  to  ACC, 05:50:11 - 23:06:55, Seat: 22E","DL 993Y, 13-JUL-25, ACC  to  JFK, 19:11:38 - 19:51:07,Seat: 17D",2533950000000.0,27-Jul,4815992400 / (079)905-7563,EW64299502,3-Oct-66,14-Mar-34,8834736,27-Jul,5-Aug-29,5.0,41,0,0,0,0,0.00618697390023031,Normal,0
MICHAEL CHRISTIAN,"DL 604Y, 05-JUL-25, JFK  to  ACC, 05:35:48 - 03:03:55, Seat: 28C","DL 247Y, 05-JUL-25, ACC  to  AMS, 09:20:51 - 01:45:48,Seat: 17F",8369850000000.0,27-Jul,805-774-607063794 / +1-595-446-9802,GT84130479,17-Feb-94,8-Dec-34,4409409,27-Jul,17-Feb-30,0.0,31,0,0,0,0,0.09666666666666666,Normal,0
AMBER WALKER,"DL 385Y, 13-JUL-25, JFK  to  ACC, 07:15:06 - 21:13:59, Seat: 47E","DL 410Y, 21-JUL-25, ACC  to  JFK, 21:20:41 - 23:43:22,Seat: 11A",7584070000000.0,27-Jul,979-086-1269498 / 8599724010,RT66185613,3-Aug-04,8-Feb-33,7478870,27-Jul,9-Jun-28,8.0,21,0,0,0,0,0.0,Normal,0
MATTHEW CHASE,"DL 782Y, 24-JUL-25, JFK  to  ACC, 15:26:28 - 11:59:32, Seat: 25B","DL 454Y, 04-JUL-25, ACC  to  CDG, 09:20:03 - 21:43:58,Seat: 29F",7433550000000.0,27-Jul,+1-355-568-8391 / 001-152-886-19380942,MQ09872444,5-Jun-03,13-Jun-35,6569651,27-Jul,16-Oct-28,20.0,22,0,0,0,0,0.09333333333333334,Normal,0
CHRISTINA THOMAS,"DL 180Y, 06-JUL-25, JFK  to  ACC, 23:19:32 - 10:53:31, Seat: 7A","DL 261Y, 18-JUL-25, ACC  to  LAX, 09:37:47 - 22:25:49,Seat: 48F",7696100000000.0,27-Jul,758-190-8016920 / 001-370-230-4241,QR62611835,12-May-59,12-May-32,3779549,27-Jul,19-Jun-27,12.0,33,0,0,0,0,0.0,Normal,0
JORGE DUKE,"DL 963Y, 10-JUL-25, JFK  to  ACC, 08:55:31 - 19:29:47, Seat: 20B","DL 662Y, 16-JUL-25, ACC  to  ATL, 15:15:07 - 04:19:24,Seat: 24C",8445460000000.0,27-Jul,150887643255602 / +1-685-882-1615,SM79704881,13-May-97,7-May-34,9788175,27-Jul,29-Mar-30,6.0,28,0,0,0,0,0.0,Normal,0
KIMBERLY MEDINA,"DL 607Y, 08-JUL-25, JFK  to  ACC, 03:31:46 - 19:06:21, Seat: 18F","DL 895Y, 08-JUL-25, ACC  to  MSP, 10:45:03 - 05:53:28,Seat: 37E",3264870000000.0,27-Jul,2066632036376 / 14368963488762,YZ18325163,27-Jul-64,16-Sep-34,3928139,27-Jul,16-Jul-29,0.0,38,0,0,0,0,0.0,Normal,0
CASSIDY CURTIS,"DL 209Y, 21-JUL-25, JFK  to  ACC, 00:23:36 - 05:31:56, Seat: 5F",,4872030000000.0,27-Jul,775-603-6778 / 001-032-792-1058,DQ98410013,23-Apr-85,27-Aug-32,8514856,27-Jul,25-Jul-28,9999.0,40,0,0,0,0,0.5266666666666666,Low,0
CATHERINE RODRIGUEZ,"DL 588Y, 02-JUL-25, JFK  to  ACC, 00:44:09 - 13:19:47, Seat: 38F","DL 360Y, 04-JUL-25, ACC  to  ATL, 01:18:10 - 02:37:26,Seat: 9E",4569800000000.0,27-Jul,2305004787 / +1-763-450-1858,XZ23769842,13-Dec-51,23-May-32,2404109,27-Jul,10-Feb-28,2.0,26,0,0,0,0,1.0,High,1
MICHAEL MARTIN,"DL 639Y, 23-JUL-25, JFK  to  ACC, 21:16:29 - 04:05:41, Seat: 35F","DL 793Y, 14-JUL-25, ACC  to  AMS, 02:45:46 - 18:26:17,Seat: 45C",9593600000000.0,27-Jul,+1-787-635-1625 / 928-577-7643126,IN70220581,6-Jul-76,7-Oct-31,1089166,27-Jul,6-Mar-29,9.0,49,0,0,0,0,0.0,Normal,0
CRYSTAL LANE MD,"DL 529Y, 25-JUL-25, JFK  to  ACC, 12:02:31 - 11:35:14, Seat: 13D","DL 659Y, 06-JUL-25, ACC  to  SFO, 15:40:44 - 19:52:08,Seat: 23E",4485290000000.0,27-Jul,(440)506-06024543 / +1-989-877-173451053,TB88737409,16-Oct-69,4-Jul-34,9494386,27-Jul,8-Dec-27,19.0,44,0,0,0,0,0.0,Normal,0
RYAN MILLER,"DL 228Y, 19-JUL-25, JFK  to  ACC, 08:05:51 - 00:12:27, Seat: 10E",,6762230000000.0,27-Jul,+1-932-435-590826030 / (175)821-249514714,GO33712884,14-Jul-58,28-Oct-34,4293328,27-Jul,15-Oct-27,9999.0,32,0,0,0,0,0.5433333333333333,Low,0
ROBERT ANDERSON,"DL 687Y, 10-JUL-25, JFK  to  ACC, 02:54:19 - 10:41:03, Seat: 47E","DL 516Y, 05-JUL-25, ACC  to  DTW, 03:28:44 - 01:13:02,Seat: 44C",4027050000000.0,27-Jul,207-945-11782281 / 458-965-2312,DR13859255,17-Nov-80,12-Apr-35,1423087,27-Jul,22-Aug-29,5.0,44,0,0,0,0,0.006666666666666667,Normal,0
ANDREW JOHNS,"DL 837Y, 24-JUL-25, JFK  to  ACC, 12:05:53 - 22:15:12, Seat: 50E","DL 698Y, 09-JUL-25, ACC  to  SFO, 10:29:58 - 21:40:29,Seat: 32D",4638030000000.0,27-Jul,001-910-491-621177880 / 0966934811,NL51910890,6-Jan-80,23-Mar-33,4390227,27-Jul,17-Mar-27,15.0,45,0,0,0,0,0.0,Normal,0
DONALD GARRETT,"DL 492Y, 27-JUL-25, JFK  to  ACC, 11:27:27 - 02:35:49, Seat: 22E",,8534660000000.0,27-Jul,(426)998-8217 / 001-897-171-6238385,IG64997979,23-Apr-89,31-Jan-35,3787119,27-Jul,23-Jun-27,9999.0,36,0,0,0,0,0.5633333333333334,Low,0
MARY TERRELL,"DL 442Y, 01-JUL-25, JFK  to  ACC, 21:24:57 - 07:18:50, Seat: 29F","DL 319Y, 23-JUL-25, ACC  to  LAX, 09:18:26 - 22:07:24,Seat: 21C",3392540000000.0,27-Jul,(885)611-12214403 / +1-005-979-2761,ZP76158147,6-Apr-87,18-Jul-34,6895866,27-Jul,21-Jan-27,22.0,38,0,0,0,0,0.0,Normal,0
KAYLEE RUSSELL,"DL 470Y, 26-JUL-25, JFK  to  ACC, 13:34:07 - 20:18:56, Seat: 24E",,7907480000000.0,27-Jul,001-482-205-714421785 / 139-738-62514851,YO14078062,21-May-76,15-Jul-33,7693965,27-Jul,5-Jul-27,9999.0,49,0,0,0,0,0.5866666666666667,Low,0
LISA SMITH,"DL 598Y, 21-JUL-25, JFK  to  ACC, 19:51:08 - 12:44:03, Seat: 37E","DL 515Y, 12-JUL-25, ACC  to  ATL, 13:26:34 - 05:41:56,Seat: 41B",4590600000000.0,27-Jul,+1-633-393-5157 / +1-856-373-75279955,GU79811811,11-Feb-70,8-Oct-32,2930147,27-Jul,13-Jan-30,9.0,44,0,0,0,0,0.0,Normal,0
THOMAS JOHNSON,"DL 272Y, 15-JUL-25, JFK  to  ACC, 23:16:00 - 18:27:17, Seat: 7B",,1725670000000.0,27-Jul,+1-188-371-2314 / (585)436-149140076,SV81947764,22-Mar-70,28-Jun-35,7576541,27-Jul,5-Jun-29,9999.0,44,0,0,0,0,0.59,Low,0
MELISSA RICHARDSON,"DL 889Y, 03-JUL-25, JFK  to  ACC, 02:35:04 - 13:13:44, Seat: 9B","DL 632Y, 11-JUL-25, ACC  to  MSP, 03:46:54 - 04:16:39,Seat: 24F",7686130000000.0,27-Jul,382457889521493 / 7765570648697,FH55526690,19-Dec-95,3-Jun-33,4135875,27-Jul,4-Jun-30,8.0,29,0,0,0,0,0.0,Normal,0
KYLE WALSH,"DL 933Y, 13-JUL-25, JFK  to  ACC, 14:35:08 - 16:58:28, Seat: 30E","DL 676Y, 21-JUL-25, ACC  to  JFK, 16:02:59 - 18:50:51,Seat: 10E",8419570000000.0,27-Jul,(447)880-333573060 / 7010922928,IS54675546,5-Sep-92,30-Oct-34,5633329,27-Jul,28-Dec-26,8.0,32,0,0,0,0,0.0,Normal,0
KELLY NELSON,"DL 718Y, 22-JUL-25, JFK  to  ACC, 21:16:33 - 06:46:03, Seat: 21C","DL 833Y, 27-JUL-25, ACC  to  BOS, 17:13:29 - 14:42:27,Seat: 19C",7196420000000.0,27-Jul,622074242377517 / 023-296-97036023,NR70401065,14-May-80,6-Jul-31,5688253,27-Jul,27-Apr-28,5.0,45,0,0,0,0,0.0,Normal,0
KIMBERLY CLARK,"DL 146Y, 26-JUL-25, JFK  to  ACC, 04:21:01 - 03:04:22, Seat: 25D","DL 931Y, 22-JUL-25, ACC  to  SFO, 12:41:08 - 19:23:18,Seat: 18F",9537110000000.0,27-Jul,+1-215-589-0737 / +1-319-644-03671542,BP83214990,7-Jan-77,16-Nov-34,1263281,27-Jul,3-Aug-26,4.0,48,0,0,0,0,0.0,Normal,0
AMANDA SILVA,"DL 935Y, 26-JUL-25, JFK  to  ACC, 21:12:50 - 09:59:12, Seat: 17C","DL 124Y, 26-JUL-25, ACC  to  SFO, 09:10:20 - 18:01:53,Seat: 26C",7040450000000.0,27-Jul,(461)893-313242810 / 256-548-616287632,JZ56307816,25-Jul-73,28-Feb-35,1056366,27-Jul,24-Jun-29,0.0,47,0,0,0,0,0.0,Normal,0
GAIL BECKER,"DL 779Y, 14-JUL-25, JFK  to  ACC, 13:35:33 - 14:10:42, Seat: 8C","DL 465Y, 19-JUL-25, ACC  to  MSP, 00:54:08 - 15:09:06,Seat: 34E",2390900000000.0,27-Jul,7592878463 / 001-051-056-995060850,WX41442571,20-Feb-98,11-Jan-32,4946610,27-Jul,12-Jun-28,5.0,27,0,0,0,0,0.006666666666666667,Normal,0
JACQUELINE TAYLOR,"DL 682Y, 08-JUL-25, JFK  to  ACC, 23:16:01 - 02:08:26, Seat: 21C","DL 822Y, 10-JUL-25, ACC  to  SEA, 19:52:27 - 05:31:11,Seat: 18E",8481740000000.0,27-Jul,(510)144-60135715 / (893)657-53679419,YT26783068,19-Oct-71,6-Mar-34,2922237,27-Jul,18-Apr-29,2.0,46,0,0,0,0,0.0019484046164290562,Normal,0
RICHARD MUNOZ,"DL 775Y, 05-JUL-25, JFK  to  ACC, 16:05:14 - 11:35:37, Seat: 9F","DL 454Y, 24-JUL-25, ACC  to  JFK, 07:19:44 - 07:40:39,Seat: 48D",6240480000000.0,27-Jul,-1499000001,UL87767501,21-Jul-73,11-Apr-34,7185088,27-Jul,2-Feb-27,19.0,47,0,0,0,0,0.0,Normal,0
KEVIN THOMAS,"DL 836Y, 06-JUL-25, JFK  to  ACC, 14:58:32 - 23:03:16, Seat: 8F","DL 407Y, 09-JUL-25, ACC  to  ATL, 01:56:56 - 21:37:14,Seat: 39C",5372620000000.0,27-Jul,243-618-068579237 / 001-921-704-5374,RD98791062,3-Jul-03,10-Aug-33,6147563,27-Jul,6-Aug-29,3.0,22,0,0,0,0,1.0,High,1
